time,x,y,computation_time_ms
1747537276.0123527,1.5995947776627941,-1.4996354110792725,8.603334426879883
1747537276.032319,2.6317132643041377,-0.9730613990859974,6.937265396118164
1747537276.079421,3.4513381609708627,0.33171123627006716,12.856483459472656
1747537276.107151,3.40435966938745,0.5048954405343817,6.143093109130859
1747537276.148213,3.2582509131257624,0.12169422283092826,13.054847717285156
1747537276.1927452,2.817478601038516,-1.7727724326984968,7.316827774047852
1747537276.2140446,1.5305246976334732,-2.867060716526849,7.666349411010742
1747537276.2590075,1.0454128197240928,-2.9720518052234257,7.5511932373046875
1747537276.3061826,1.7487040074555424,-3.842401011430862,17.21811294555664
1747537276.3386998,-0.026414727608465235,-1.9038624533705948,11.154651641845703
1747537276.3899062,0.4682519503081766,-2.4726474916558105,12.908697128295898
1747537276.432045,0.7297750464787497,-2.7646835938370056,10.63990592956543
1747537276.461394,-1.0483719377830383,-1.1212083114839906,5.748748779296875
1747537276.488246,-1.8373885365179117,-0.4345168870837637,7.139444351196289
1747537276.5218012,-2.057668436741006,-0.2806181485067432,14.274120330810547
1747537276.56402,-2.3535101950757853,-0.15346206773642762,9.044170379638672
1747537276.6036808,-2.4529182333769275,-0.270816196779455,8.90660285949707
1747537276.6252174,-2.4817712588474574,-0.32137147224049595,6.599903106689453
1747537276.6447022,-2.5011781235703894,-0.37016402748641497,5.999088287353516
1747537276.6786191,-2.531479369057923,-0.40061940893692605,10.159015655517578
1747537276.7078152,-2.588214982401091,-0.5081351375902167,8.937835693359375
1747537276.7301652,-2.639109975465978,-0.5501933484984356,9.235143661499023
1747537276.756953,-2.672971396538319,-0.5972211344716416,7.9097747802734375
1747537276.7737658,-2.694888758313762,-0.6423299494868961,6.16765022277832
1747537276.7921271,-2.7411899284222145,-0.6801753257473283,7.044076919555664
1747537276.821737,-2.785280924393779,-0.7622491667458358,10.16545295715332
1747537276.8416848,-2.7957438170834936,-0.804328897303557,5.602598190307617
1747537276.8601117,-2.810945773783988,-0.8468389160496934,4.843473434448242
1747537276.877744,-2.8108649249715176,-0.8518864086104506,4.978179931640625
1747537276.9208004,-2.8141159214611737,-0.8863275980012991,9.261608123779297
1747537276.961875,-2.8882864657022562,-1.0312164475612837,4.016637802124023
1747537276.9850237,-2.9044761154638308,-1.0661445371914273,7.320880889892578
1747537277.0167038,-2.9280009378373513,-1.1157394426030063,6.716728210449219
1747537277.0336704,-2.9643525373276938,-1.2122190684723075,4.947185516357422
1747537277.0586889,-2.9794193238858586,-1.2736153867683573,5.342006683349609
1747537277.0844283,-2.993693456425799,-1.321980049570807,8.406639099121094
1747537277.099997,-3.001491969879711,-1.3565673155010338,3.951549530029297
1747537277.1192946,-3.0173608145061652,-1.4201442939083733,5.98597526550293
1747537277.1384718,-3.0264480767808988,-1.4703980759918787,6.027698516845703
1747537277.1547534,-3.03831086591084,-1.5172465838778768,3.934621810913086
1747537277.181203,-3.0568796328922607,-1.579828760417666,8.153438568115234
1747537277.1975937,-3.065121641978862,-1.6176511679005643,3.679990768432617
1747537277.2186959,-3.0812964646016527,-1.680117300096338,5.652189254760742
1747537277.2376142,-3.1050852246446397,-1.7299390435694975,4.420995712280273
1747537277.256683,-3.1109985157986375,-1.781819138992061,3.7903785705566406
1747537277.2724447,-3.1320596074491713,-1.8163213041697819,4.545927047729492
1747537277.2969072,-3.1429283360440143,-1.8772059928629317,3.7415027618408203
1747537277.3164947,-3.1557615392843736,-1.9248498690548308,3.5800933837890625
1747537277.3388066,-3.1749815716026513,-1.9732879341883784,4.573345184326172
1747537277.3611865,-3.1828924127927096,-2.0256644085174518,7.375955581665039
1747537277.3881466,-3.195439326514289,-2.065056173042401,4.057645797729492
1747537277.4043517,-3.230988142729438,-2.1179556111532176,4.079580307006836
1747537277.430956,-3.228966551533411,-2.175971006434819,5.798101425170898
1747537277.4455767,-3.2520668966963697,-2.2080107573110515,3.930330276489258
1747537277.4833262,-3.2914644850598993,-2.316831548694154,5.39708137512207
1747537277.5241647,-3.3433067734926527,-2.3921099921587836,10.480880737304688
1747537277.5591307,-3.386809757096542,-2.4832324950396365,7.828712463378906
1747537277.585585,-3.41919262195928,-2.518816766928942,7.916688919067383
1747537277.6130984,-3.4529442320169013,-2.572250120842576,5.560398101806641
1747537277.6381507,-3.4894411348066003,-2.6199246612554914,7.146596908569336
1747537277.6636372,-3.526185473198902,-2.7164848923916587,6.73365592956543
1747537277.6823874,-3.5237412948647355,-2.77468255327197,5.694389343261719
1747537277.7078152,-3.5700522214037984,-2.8129906750576454,4.287004470825195
1747537277.7235065,-3.5815982569839218,-2.8690135981989977,3.685474395751953
1747537277.7407825,-3.6219421991535454,-2.9106877948645096,3.5970211029052734
1747537277.7602015,-3.65868287569958,-2.939329418313902,3.493785858154297
1747537277.7791672,-3.688350212977366,-2.9867727543419225,6.052970886230469
1747537277.802146,-3.70893469521559,-3.0287999035022364,9.259939193725586
1747537277.8382003,-3.740013173331902,-3.0696344621222895,10.74838638305664
1747537277.8799715,-3.7892843699508107,-3.1521516131835257,12.330055236816406
1747537277.9226155,-3.8511115599148305,-3.2372043949386344,12.238502502441406
1747537277.9478145,-3.8806973165015624,-3.323030469495094,5.936145782470703
1747537277.9694455,-3.9291325113427695,-3.360675828579963,6.2351226806640625
1747537277.9976895,-3.9535320389144055,-3.3946354418603866,8.84389877319336
1747537278.0176446,-4.012651378391739,-3.4622098593416526,5.742073059082031
1747537278.0414388,-4.094030197075739,-3.493458583560204,4.670858383178711
1747537278.058112,-4.065709302253067,-3.574181417488268,5.31315803527832
1747537278.0938427,-4.147484083645837,-3.576920451654817,7.291555404663086
1747537278.120988,-4.220235205322092,-3.630232572607611,5.420684814453125
1747537278.14112,-4.275998485840147,-3.6319410828241248,4.146337509155273
1747537278.1776104,-4.258647355474604,-3.6696093458257986,12.376070022583008
1747537278.1987257,-4.3416103904756875,-3.7278816071932206,5.702495574951172
1747537278.2271771,-4.3423417482137046,-3.7436038997657373,5.288839340209961
1747537278.2446768,-4.377408814578964,-3.7700175354415855,4.927396774291992
1747537278.2657874,-4.443666771744104,-3.7612981001403507,3.565073013305664
1747537278.2878273,-4.47968399565733,-3.779060730120156,5.990743637084961
1747537278.3129866,-4.515149497512959,-3.791554098968714,10.18381118774414
1747537278.3290389,-4.53293837168151,-3.80761691425332,3.5638809204101562
1747537278.3521237,-4.578706129418866,-3.8167944492808417,4.636287689208984
1747537278.3821964,-4.667568818343665,-3.7868088378213836,3.5572052001953125
1747537278.419392,-4.710697409424908,-3.761623854087352,14.589309692382812
1747537278.4393976,-4.8057216566809675,-3.7175061254529425,5.752325057983398
1747537278.461903,-4.8503869475392225,-3.680870568905767,3.9153099060058594
1747537278.4853892,-4.849290770348084,-3.6946093375052196,3.8776397705078125
1747537278.5074563,-4.856209219169945,-3.706934953875026,4.074335098266602
1747537278.531996,-4.874076721049177,-3.697478576778575,3.4885406494140625
1747537278.5583494,-4.899822704111239,-3.650643149430324,5.578517913818359
1747537278.5870984,-4.974908563737221,-3.5858300770096285,5.121469497680664
1747537278.6282854,-5.029114479240713,-3.557742422726664,5.856513977050781
1747537278.649913,-5.0774484930164085,-3.475346660003474,5.501985549926758
1747537278.68232,-5.114967454137623,-3.435933732989145,3.4470558166503906
1747537278.7066598,-5.100886003101004,-3.4174251200579797,3.7560462951660156
1747537278.7332673,-5.108380674709231,-3.384933059045653,5.80596923828125
1747537278.7655494,-5.107580968712884,-3.3451489676562263,9.485006332397461
1747537278.9227586,-5.18976749237298,-3.05296267566412,6.279230117797852
1747537278.9428988,-5.198159191186735,-3.0133318229340533,3.615140914916992
1747537278.960102,-5.211954157700552,-2.8967828012731687,6.970882415771484
1747537278.979098,-5.242877193924573,-2.8678354196374785,7.888078689575195
1747537279.002979,-5.248055893532512,-2.8412013714575957,3.7682056427001953
1747537279.0248127,-5.2294794185987,-2.841767029609509,3.656625747680664
1747537279.0495813,-5.265744901265002,-2.751703395532439,3.701448440551758
1747537279.0720203,-5.299449967427494,-2.8070371114085564,5.0525665283203125
1747537279.0950246,-5.282229680324399,-2.7545420246956636,6.709098815917969
1747537279.1413589,-5.2264968425153,-2.6466790126536135,15.734672546386719
1747537279.1930058,-5.225193349362128,-2.541430465409225,10.767698287963867
1747537279.2294948,-5.224859952832033,-2.488114014329127,8.084774017333984
1747537279.2532785,-5.274946163601361,-2.5284480605796356,7.856130599975586
1747537279.272325,-5.354739913169081,-2.505580341273195,5.751132965087891
1747537279.2933269,-5.407955990252797,-2.57134542589808,5.367755889892578
1747537279.3116593,-5.451148472315776,-2.5787278167253094,6.198644638061523
1747537279.3389056,-5.458227655692144,-2.541412327237705,5.631923675537109
1747537279.3680813,-5.52686483167601,-2.6064095600963153,5.545377731323242
1747537279.3860385,-5.591694031317785,-2.5806793916887343,3.6923885345458984
1747537279.4058697,-5.6427339964699,-2.5383511441652358,3.5486221313476562
1747537279.4333396,-5.694020747330367,-2.498141872102383,5.3234100341796875
1747537279.453043,-5.743186400578305,-2.5525246558041097,5.359411239624023
1747537279.48328,-5.82846186643865,-2.546797315432034,3.653287887573242
1747537279.5091264,-5.891223395011204,-2.6084384913910115,7.880449295043945
1747537279.536121,-5.921247876023951,-2.579414384515821,6.157159805297852
1747537279.597393,-6.013513800092991,-2.4386409471861983,10.204315185546875
1747537279.648989,-6.102217460487619,-2.4281129190238517,9.032487869262695
1747537279.6852422,-6.129861790650513,-2.334760305341994,9.057044982910156
1747537279.702013,-6.217609939535116,-2.1863628255888563,4.143714904785156
1747537279.7263596,-6.260401890815571,-2.171440348151581,5.803823471069336
1747537279.742567,-6.3090098795860605,-2.2285922216673084,3.6194324493408203
1747537279.7600505,-6.342411341571548,-2.2950896707980557,4.193782806396484
1747537279.7798824,-6.444877317318586,-2.407637773670709,4.189014434814453
1747537279.7976518,-6.452618893161395,-2.428579571490616,3.977537155151367
1747537279.8201563,-6.497795978485301,-2.315068572016347,4.148721694946289
1747537279.8393717,-6.491356501401919,-2.281256987366632,4.772663116455078
1747537279.858402,-6.4960960694407985,-2.123575170779177,3.861665725708008
1747537279.8751698,-6.516275241080544,-2.059852287407315,3.920316696166992
1747537279.8964803,-6.561165990612317,-1.9791683970049299,3.496408462524414
1747537279.9117372,-6.647046116979296,-1.9787282214575053,3.6995410919189453
1747537279.9363143,-6.715910797100769,-2.095348625424579,3.9322376251220703
1747537279.9579017,-6.673874551131136,-2.01635899412952,5.448341369628906
1747537279.9875576,-6.686279569583091,-1.9751614346590591,11.270523071289062
1747537280.0041833,-6.67419901176207,-1.8416806382952524,3.737926483154297
1747537280.0220883,-6.670892977298524,-1.892935542500133,7.722616195678711
1747537280.039839,-6.7516352679494025,-1.8802598283912084,4.011631011962891
1747537280.0586076,-6.779209380044331,-1.865191409961831,3.506183624267578
1747537280.086096,-6.74764907211755,-1.6568331937967595,6.832122802734375
1747537280.0999384,-6.683221717140253,-1.5565218230390425,3.7660598754882812
1747537280.124352,-6.797393200263769,-1.6948446427707966,10.426998138427734
1747537280.1419408,-6.78649480037165,-1.6256156333030576,4.102468490600586
1747537280.1596885,-6.847157962589176,-1.624691056769864,3.6993026733398438
1747537280.181693,-6.856886930656944,-1.6136999266662617,4.327535629272461
1747537280.1996872,-6.894098484317207,-1.5470135223556423,4.12750244140625
1747537280.2202756,-6.891047832063988,-1.4790540200872855,5.701541900634766
1747537280.2401004,-6.896012951575208,-1.5515465033316722,4.422664642333984
1747537280.261882,-6.8713269309082445,-1.483273697272325,3.755807876586914
1747537280.2853222,-6.877248251771621,-1.4671363335419554,9.060382843017578
1747537280.30359,-6.927312857965752,-1.4864556312666957,5.40614128112793
1747537280.322473,-6.9099680220651125,-1.5198913763730217,3.573179244995117
1747537280.3420582,-6.921773646668765,-1.6005366795138734,4.392147064208984
1747537280.360057,-6.930576081488118,-1.4699325528932425,5.80596923828125
1747537280.3801832,-6.963484061967754,-1.5082754426624687,3.711223602294922
1747537280.3945622,-6.942947677531002,-1.4126326347230076,3.5562515258789062
1747537280.4190612,-6.933255125355236,-1.3665439690624004,4.744052886962891
1747537280.440149,-6.94342459831984,-1.4400948105746953,5.756855010986328
1747537280.462447,-6.890116172732193,-1.4593167183818665,3.507375717163086
1747537280.479348,-6.757261112335352,-1.4404919833012362,5.786657333374023
1747537280.4958124,-6.738859212724188,-1.3459545211037904,4.787206649780273
1747537280.519334,-6.6546637042936325,-1.3197794615981695,5.5408477783203125
1747537280.5427835,-6.581925890230377,-1.2513418095957671,3.8280487060546875
1747537280.559035,-6.500972758895253,-1.188126809838573,5.181074142456055
1747537280.5732408,-6.58271317450447,-1.3734545142530532,3.281116485595703
1747537280.598367,-6.643726792229399,-1.3921480617960837,4.664421081542969
1747537280.615379,-6.711862478882846,-1.485955191720077,4.078149795532227
1747537280.643613,-6.683226347436217,-1.385347334726387,4.007577896118164
1747537280.6681743,-6.573692215669326,-1.2628463036196707,3.9374828338623047
1747537280.686854,-6.529686403070153,-1.2089540122261506,5.428552627563477
1747537280.7082577,-6.4965696046483865,-1.2277347088549446,5.443096160888672
1747537280.7272305,-6.525199477686738,-1.295845123118889,5.1784515380859375
1747537280.7442281,-6.468138966450585,-1.379471112307219,4.204511642456055
1747537280.7672005,-6.364836399558079,-1.3505907585220243,5.353689193725586
1747537280.7842166,-6.288254009983841,-1.3403362621764752,3.5254955291748047
1747537280.8021748,-6.252874821404942,-1.4613519884426223,4.686832427978516
1747537280.8193235,-6.208546194409189,-1.5574997842743388,4.594087600708008
1747537280.8349314,-6.232595824734504,-1.5676643398123218,3.863096237182617
1747537280.8587954,-6.194730644108979,-1.5139234927999314,4.235982894897461
1747537280.8778758,-6.210205006850433,-1.4684832107109504,4.79578971862793
1747537280.8964982,-6.205331081199061,-1.4779776521607288,4.079103469848633
1747537280.9138503,-6.185299109504715,-1.4241376702305961,3.9975643157958984
1747537280.9331536,-6.033920392806992,-1.2941104345041847,5.599498748779297
1747537280.9533415,-6.060381503645473,-1.4568252449992731,4.265069961547852
1747537280.979251,-6.150047796967658,-1.5109357297012467,4.885196685791016
1747537281.0014303,-6.1807809185970815,-1.6197245470887496,7.690191268920898
1747537281.022371,-6.1166155474722625,-1.6177439508553484,6.438970565795898
1747537281.0384438,-6.104913956044698,-1.7863479555582107,4.015207290649414
1747537281.0569475,-6.148766582063132,-1.8202797114108047,3.7755966186523438
1747537281.073327,-6.179356009528755,-1.7989910104094033,3.508329391479492
1747537281.091719,-6.169483108302519,-1.8547680393909123,3.505706787109375
1747537281.119218,-6.237666597387228,-1.9941402145247034,5.531072616577148
1747537281.1397202,-6.2496110147862955,-2.032431680863206,5.210638046264648
1747537281.1641943,-6.361545964529399,-1.9261275116038845,5.100011825561523
1747537281.1799488,-6.415659110727294,-1.9865305783613252,3.527402877807617
1747537281.1977398,-6.559131884536629,-2.147649820002611,4.023313522338867
1747537281.2185478,-6.5983593533811264,-2.2238316004419176,4.154443740844727
1747537281.2478187,-6.577073331709289,-2.2160837113410863,8.120298385620117
1747537281.287291,-6.541723143024392,-2.036395756656276,6.598234176635742
1747537281.3115735,-6.647345858656185,-2.0049728027624325,4.4403076171875
1747537281.3301415,-6.867521954876496,-2.1607097866125935,4.054546356201172
1747537281.3483603,-6.932055860669145,-2.01364457675162,5.32841682434082
1747537281.3684647,-7.076952655173868,-2.078093902276176,4.950523376464844
1747537281.3835144,-7.266998295553439,-2.2552752409206276,3.5800933837890625
1747537281.4050198,-7.2938867642403045,-2.306425137279332,8.872509002685547
1747537281.4244153,-7.428556993792795,-2.348644980250499,5.895137786865234
1747537281.4444788,-7.240060374443119,-2.18287882884429,3.991365432739258
1747537281.463493,-7.20839847536539,-2.102566493844904,4.088401794433594
1747537281.491615,-7.210592581795917,-2.0194416959730765,4.035711288452148
1747537281.5176759,-7.343997499740333,-1.8944583569653135,4.112482070922852
1747537281.536453,-7.3409218091482105,-1.7977630280481889,4.590034484863281
1747537281.5644302,-7.390773820288712,-1.7751506183384578,7.43556022644043
1747537281.5858147,-7.257979081335112,-1.8092903161737048,5.868673324584961
1747537281.6044016,-7.3688124513357165,-1.9269351887356458,4.07862663269043
1747537281.622342,-7.291488340053985,-1.605710685399301,3.5774707794189453
1747537281.6401436,-7.330716027552806,-1.4990746901947414,3.9539337158203125
1747537281.6558206,-7.190126466157965,-1.4454379010098222,4.014730453491211
1747537281.6871073,-7.032484472339123,-1.1978938107172963,4.242420196533203
1747537281.707783,-7.176194304125311,-1.186168371479356,4.441976547241211
1747537281.730177,-7.14006045459922,-1.0748957748361005,6.394863128662109
1747537281.7465198,-7.041359043733241,-1.018609220135439,3.515958786010742
1747537281.762382,-7.206596890590005,-1.1625386206614055,3.3617019653320312
1747537281.7802365,-7.014926100403738,-0.9614571716545642,3.8712024688720703
1747537281.7973762,-6.941477376889073,-0.9947246987227399,4.017829895019531
1747537281.8123457,-6.95736579971224,-1.062942468378574,3.4894943237304688
1747537281.841943,-6.845783914380119,-0.9454522910977989,7.3833465576171875
1747537281.8669984,-6.944179254210157,-0.9270222574554329,5.341053009033203
1747537281.8874593,-7.084759974284523,-1.0338943264081848,5.653619766235352
1747537281.913852,-6.966766505712145,-1.1172701866564807,4.479885101318359
1747537281.9380884,-6.960326311863828,-1.1415005322069511,4.995584487915039
1747537281.9559832,-6.899213503145678,-1.1207518642754484,4.911899566650391
1747537281.979986,-6.8343342886496865,-1.0127974465623968,4.018068313598633
1747537281.9988065,-6.925557319068619,-0.8018436576176606,4.137277603149414
1747537282.0200646,-7.037456083157659,-1.01757279810768,5.591869354248047
1747537282.040258,-6.89491539077067,-0.922508014740698,5.208730697631836
1747537282.0814009,-6.69635062579597,-0.8152787988271707,8.836984634399414
1747537282.1223762,-6.905846300193373,-1.0659894242162085,6.985187530517578
1747537282.139292,-6.8898169077971225,-1.0381279510116481,4.132509231567383
1747537282.1632707,-6.864109234879341,-1.0900965468544574,7.077217102050781
1747537282.181687,-6.937600823651362,-1.1468190240367924,6.16908073425293
1747537282.200162,-7.185105381717579,-1.3616151832319268,5.753040313720703
1747537282.219739,-7.276987626998512,-1.3211397790031434,6.271839141845703
1747537282.2412832,-7.370147364058039,-1.4048112317801242,3.6818981170654297
1747537282.2576594,-7.415778890220296,-1.3602533088881905,5.161523818969727
1747537282.2723618,-7.522844583634606,-1.463308484867657,4.377603530883789
1747537282.2988904,-7.488632037471113,-1.527834408998644,5.496978759765625
1747537282.3120875,-7.514619694547,-1.5557923057522953,3.3457279205322266
1747537282.340264,-7.537572490528652,-1.6277698013649053,5.476236343383789
1747537282.3641481,-7.572662818547852,-1.6736980102086698,5.52678108215332
1747537282.3838785,-7.686424859244318,-1.787357621953399,5.625009536743164
1747537282.3985488,-7.772607904121819,-1.773010760460804,3.724336624145508
1747537282.4142091,-7.695734407023985,-1.8438445765393536,3.4835338592529297
1747537282.431722,-7.724496950924662,-1.826040165052495,3.9594173431396484
1747537282.4576597,-7.767829204714514,-1.832012343922979,4.392147064208984
1747537282.4744318,-7.822513666599824,-1.9301767350850476,5.110979080200195
1747537282.492206,-7.86110009276377,-2.095541001788678,4.370212554931641
1747537282.5195513,-7.848344246302543,-2.232013134487354,5.552768707275391
1747537282.5502827,-7.819687001176112,-2.0347709997110828,7.4291229248046875
1747537282.5814817,-7.800505973588291,-1.823584406071471,5.1441192626953125
1747537282.600444,-7.752428250447302,-1.8265321914966193,4.75311279296875
1747537282.6176593,-7.704606743037988,-1.8972777396435696,3.9849281311035156
1747537282.6332855,-7.71502545544252,-2.0193671692500503,4.123687744140625
1747537282.6575863,-7.77082713087919,-1.9249416735214604,4.218578338623047
1747537282.6787512,-7.721046854185873,-1.7363169057351984,3.984689712524414
1747537282.697048,-7.6838619662039305,-1.7396166448295862,3.766298294067383
1747537282.7172673,-7.712420543502806,-1.8983730426354442,5.74183464050293
1747537282.7344375,-7.665491301034488,-1.7496156190179872,3.6416053771972656
1747537282.7577648,-7.656435005542603,-1.7255189635765653,4.378318786621094
1747537282.7785532,-7.687374067016388,-1.7651736621617753,4.362821578979492
1747537282.7962422,-7.671841991783027,-1.8072850982421178,4.585981369018555
1747537282.818561,-7.718282843200509,-1.9169453222174988,5.3005218505859375
1747537282.8429034,-7.6859068567263416,-2.126347096526046,5.240678787231445
1747537282.8653097,-7.65974878502892,-2.0855963188489604,5.439043045043945
1747537282.8919978,-7.683487890275479,-2.0215594046572445,8.034944534301758
1747537282.9154043,-7.727098925607279,-2.0984565592840103,9.54890251159668
1747537282.9337614,-7.795022094599343,-2.3930269966549598,4.062175750732422
1747537282.9576073,-7.778580326013466,-2.4858177854706254,4.093647003173828
1747537282.9790695,-7.7160403760237655,-2.4395656300631803,5.606412887573242
1747537283.0033793,-7.7060460022724095,-2.5409515095710833,4.416465759277344
1747537283.0250125,-7.6975146423048555,-2.4867393535459144,8.492708206176758
1747537283.0443797,-7.666602955017168,-2.555657806331022,4.030704498291016
1747537283.0657747,-7.690237144241455,-2.7080206498085952,5.557775497436523
1747537283.0873756,-7.691642969939126,-2.8016440052163314,7.00068473815918
1747537283.1105304,-7.6920722315931584,-2.948112162806891,6.776332855224609
1747537283.1276462,-7.677710576159603,-2.854459309192893,4.217386245727539
1747537283.1478984,-7.666644757902265,-2.741894072774024,6.276369094848633
1747537283.1639357,-7.619786899925226,-2.7877854308985217,4.195690155029297
1747537283.1830685,-7.566554152959988,-2.845955238732177,4.915952682495117
1747537283.211827,-7.525985115373309,-2.7911524819453115,4.23741340637207
1747537283.2303896,-7.561598614451586,-2.8792324228275907,3.4313201904296875
1747537283.2530222,-7.550803444130883,-2.9726685399877146,5.553245544433594
1747537283.2717414,-7.552985819773259,-3.0011346119836126,5.746603012084961
1747537283.2923648,-7.5807908687308965,-3.099820250296951,4.497289657592773
1747537283.3120735,-7.546681520798802,-2.941719676305749,5.012750625610352
1747537283.3302565,-7.477288843179823,-2.8968818293257184,6.683826446533203
1747537283.3513238,-7.454983376859009,-2.6372751651379764,5.673885345458984
1747537283.371493,-7.415588607176517,-2.65857889927694,3.8220882415771484
1747537283.3921015,-7.464511878393611,-2.8139611372676394,6.648540496826172
1747537283.4185693,-7.4613160985867095,-2.8952956031458568,6.1702728271484375
1747537283.4343398,-7.490543908094112,-2.890610626124125,3.660440444946289
1747537283.4524772,-7.450910492175478,-2.726457523208449,3.648042678833008
1747537283.4833908,-7.4356582698896485,-2.450034669396182,7.039070129394531
1747537283.5058107,-7.393283834583149,-2.1710068650148977,6.185293197631836
1747537283.5254948,-7.325554274137613,-2.244842459380042,5.246162414550781
1747537283.5477269,-7.222674436726329,-2.2376986736908084,8.03232192993164
1747537283.5661826,-7.235877525202081,-2.2771816989373628,5.967378616333008
1747537283.5831373,-7.2975747916949665,-2.496408443510701,3.470182418823242
1747537283.6020882,-7.266960550632021,-2.2494215521132848,3.65447998046875
1747537283.6236944,-7.254847818162699,-2.3252881482498706,5.669116973876953
1747537283.6386523,-7.163586386610731,-2.4286737331574404,3.5169124603271484
1747537283.6575282,-7.121710594340141,-2.271322790402846,4.106044769287109
1747537283.677782,-7.189156141700111,-2.3790128680150473,4.436016082763672
1747537283.7020316,-7.16347834157591,-2.4573907194125644,6.901979446411133
1747537283.7290359,-7.078967715808648,-2.4472108611147263,5.256175994873047
1747537283.7511647,-7.1313776976841,-2.719235402487513,5.827426910400391
1747537283.7814744,-7.033223616917586,-2.628924206102479,9.90152359008789
1747537283.9388525,-6.814428432163869,-2.6279380101301637,5.264043807983398
1747537283.9596171,-6.693161961362337,-2.6537944721867386,5.489110946655273
1747537283.9794488,-6.7447494784653,-2.833182132358427,3.594636917114258
1747537283.99641,-6.7217320715204405,-2.9894906915189936,4.1713714599609375
1747537284.0175812,-6.641178057407013,-2.811266208054061,6.835222244262695
1747537284.0414114,-6.560269857526696,-2.723883540241554,5.737781524658203
1747537284.0580773,-6.515663732807125,-2.596542933147359,4.211187362670898
1747537284.0741553,-6.538282741996319,-2.724232107446036,3.3965110778808594
1747537284.0934799,-6.554993861102706,-2.640445822870301,5.942106246948242
1747537284.1191368,-6.528497808350069,-2.721832791081201,4.366159439086914
1747537284.1382046,-6.5501777551125855,-2.8391817400534323,6.26063346862793
1747537284.1523871,-6.531050309612802,-2.910481399574694,3.451824188232422
1747537284.180229,-6.573686071786997,-3.1170857906160987,6.448030471801758
1747537284.2020032,-6.553161444534079,-3.337463370155072,7.51185417175293
1747537284.2196765,-6.555922883618658,-3.2269345006562222,5.50532341003418
1747537284.2371805,-6.493689639047166,-3.203521634710993,4.3544769287109375
1747537284.251659,-6.451134016861358,-3.151533206668238,3.8492679595947266
1747537284.2759383,-6.356898821276238,-3.182440609549244,5.586385726928711
1747537284.292106,-6.319031332994806,-3.0957451996727503,3.850221633911133
1747537284.3116457,-6.296245880832359,-3.0499771122657493,4.114389419555664
1747537284.3347812,-6.242987051377913,-3.1787185792975494,4.242897033691406
1747537284.352494,-6.214035606196791,-3.0783427176469353,4.459619522094727
1747537284.3742208,-6.268780420653774,-3.3580118966825467,4.977226257324219
1747537284.3916905,-6.360683112721569,-3.399412291615599,3.879070281982422
1747537284.4132621,-6.372491708338757,-3.537955053284516,4.756689071655273
1747537284.4380577,-6.457257121199964,-3.8932499031729857,3.8547515869140625
1747537284.4598787,-6.476040598187754,-3.834601925496147,5.790948867797852
1747537284.4798975,-6.46425182927191,-3.8206236424243873,4.677295684814453
1747537284.4975078,-6.519984818423684,-3.848233054351521,4.730701446533203
1747537284.5186286,-6.520271772213045,-3.8433403058816413,5.265474319458008
1747537284.5410116,-6.529412882996038,-4.0373022785369574,7.223606109619141
1747537284.5603883,-6.495786536211855,-3.7327631934945464,3.959178924560547
1747537284.5815492,-6.597899071710882,-4.0217941285649825,5.176782608032227
1747537284.598333,-6.664042619113206,-4.161890405509551,4.031896591186523
1747537284.616512,-6.657027709926798,-4.269036377608653,4.679441452026367
1747537284.632464,-6.733431886720871,-4.301798121009235,3.4418106079101562
1747537284.6514008,-6.732787623303374,-4.321049194757046,3.535032272338867
1747537284.679295,-6.757152876351479,-4.299448493473992,5.449533462524414
1747537284.695372,-6.81397807703304,-4.294648330068544,3.791332244873047
1747537284.7185185,-6.809268158620127,-4.207232770967305,4.371881484985352
1747537284.7415338,-6.847573746589439,-4.011965864960434,7.311820983886719
1747537284.760821,-6.872768361976867,-4.122055232144092,5.279302597045898
1747537284.7800543,-6.90123610592599,-4.308144076592175,3.7963390350341797
1747537284.7971663,-6.88261590008978,-4.090186875784709,3.523588180541992
1747537284.8162346,-6.894354901353045,-4.153521141094122,6.164789199829102
1747537284.8357189,-6.92111607505625,-4.1886428906973,5.613565444946289
1747537284.862412,-7.012685833366162,-4.257735540954738,3.60870361328125
1747537284.8800194,-6.959633298678518,-4.2402463560286705,3.823518753051758
1747537284.9002757,-6.895200325985828,-4.166891039647166,6.1244964599609375
1747537284.9196477,-7.052150788713097,-4.243236028371999,3.961324691772461
1747537284.9378648,-7.07234623758909,-4.1252450092588315,4.5261383056640625
1747537284.9762807,-7.07789610198427,-4.118360085716817,10.682821273803711
1747537285.0336442,-7.170665349665521,-4.1538725810437604,12.195587158203125
1747537285.0816207,-7.269238719682501,-4.143344732653928,7.5206756591796875
1747537285.103926,-7.296469906356503,-4.008644642377953,4.235744476318359
1747537285.1236017,-7.220331662779961,-3.9315249023038703,5.316257476806641
1747537285.1395268,-7.272819168640963,-4.046697336715402,4.197835922241211
1747537285.1655276,-7.302161147033828,-3.9464630486295706,9.671449661254883
1747537285.2093668,-7.424319651480268,-4.022872731521519,8.361577987670898
1747537285.2275565,-7.438228384177843,-4.0762455403801665,4.140615463256836
1747537285.2473595,-7.550228424683033,-4.112291651890005,3.9081573486328125
1747537285.263804,-7.619832595114283,-4.098964869254695,5.33747673034668
1747537285.2866344,-7.620204616527841,-3.9543412358622234,5.211114883422852
1747537285.3015125,-7.599568070066591,-4.0277312932675065,3.4809112548828125
1747537285.3193347,-7.573354471131514,-3.9376896671900887,5.400896072387695
1747537285.3782654,-7.5962400751846575,-4.073277405327908,15.197038650512695
1747537285.4133015,-7.690518713696112,-4.339469861416348,5.090236663818359
1747537285.4313831,-7.725652306009055,-4.374205990953862,5.330562591552734
1747537285.4496381,-7.738151345443887,-4.340438739173701,3.910064697265625
1747537285.468196,-7.738492570589107,-4.39845494476959,5.039691925048828
1747537285.4840727,-7.772241638335668,-4.422781085271357,3.9000511169433594
1747537285.4995184,-7.702464910520633,-4.305159795485651,3.9243698120117188
1747537285.5211232,-7.703346858958305,-4.135618902213981,3.927469253540039
1747537285.5384815,-7.748746745599358,-4.090269257900919,4.534244537353516
1747537285.5594194,-7.756154431395018,-4.104752942981879,7.071256637573242
1747537285.5771582,-7.797354217765579,-4.16304489371455,3.9598941802978516
1747537285.5950732,-7.7284307713183615,-4.149225093228661,4.549741744995117
1747537285.6153653,-7.784515436781823,-4.212834276496198,5.498409271240234
1747537285.6377091,-7.763045833857777,-4.147222674026488,5.216121673583984
1747537285.6633825,-7.719224632227557,-4.16400782183313,9.160041809082031
1747537285.683192,-7.719643391786318,-4.198881515499245,4.221200942993164
1747537285.7024982,-7.798948693781433,-4.213519219609991,4.349946975708008
1747537285.7583635,-7.909584398923853,-4.253392562362297,10.486841201782227
1747537285.7852442,-7.923532971367749,-4.324643915869399,5.767583847045898
1747537285.800781,-7.941836305000802,-4.397795808712533,3.824949264526367
1747537285.8216276,-7.91358213730104,-4.375004183226309,7.655143737792969
1747537285.8589423,-7.923021366156738,-4.292420456390827,12.492895126342773
1747537285.8998325,-8.04514130976751,-4.389301129125811,6.26826286315918
1747537285.9181342,-8.124974214063293,-4.451236240940302,5.048036575317383
1747537285.937393,-8.005660340101599,-4.364405864405178,4.319429397583008
1747537285.958531,-8.10179783661273,-4.426908826895255,3.8526058197021484
1747537285.982531,-8.197277940168819,-4.5444691253318785,5.425930023193359
1747537286.0205195,-8.190060531697496,-4.63440522334972,7.222414016723633
1747537286.0382266,-8.258412146469833,-4.565954375515823,4.1351318359375
1747537286.057552,-8.340786693409564,-4.561526472642179,4.12750244140625
1747537286.079634,-8.3026515645761,-4.6882873595852,5.656242370605469
1747537286.1091413,-8.268874475441576,-4.7492102891473875,5.820035934448242
1747537286.1274796,-8.278680488907057,-4.70967597384142,3.9408206939697266
1747537286.1433425,-8.347333401212587,-4.81147658853531,3.9682388305664062
1747537286.159427,-8.35705703729934,-4.6958558365542125,4.150390625
1747537286.1776717,-8.324071924439036,-4.577249481059653,4.472494125366211
1747537286.205885,-8.408997709183726,-4.628049640660537,7.582187652587891
1747537286.2267506,-8.537659601948894,-4.67592747295558,4.132270812988281
1747537286.2433753,-8.510608760888827,-4.800321243451183,5.203723907470703
1747537286.260204,-8.546069432718213,-5.021212763885932,4.48155403137207
1747537286.2817473,-8.654105910488388,-5.059440537570443,3.9932727813720703
1747537286.299105,-8.690470458350555,-5.165459057342485,4.159450531005859
1747537286.320061,-8.72711362308422,-5.265431195974628,4.967689514160156
1747537286.3395967,-8.731171745495413,-5.167480617003997,7.159709930419922
1747537286.3622882,-8.712215268291166,-5.131199027225171,4.903554916381836
1747537286.380359,-8.719679398662347,-5.170180787053038,3.9336681365966797
1747537286.3981853,-8.806154211585564,-5.066747828112215,4.967927932739258
1747537286.419348,-8.89291025392157,-5.05859891300716,4.868268966674805
1747537286.4406915,-8.860416323262418,-5.075156504754202,3.4651756286621094
1747537286.4601693,-8.876952537011746,-5.019368423012306,4.753828048706055
1747537286.4810286,-8.8291858900726,-4.94980282168001,5.440711975097656
1747537286.5031033,-8.782601451517603,-4.945076503348424,5.803585052490234
1747537286.521374,-8.788179542864716,-4.910354591084483,4.044294357299805
1747537286.5417151,-8.855669237132666,-4.9641653441797375,6.511449813842773
1747537286.5609806,-8.77629296497093,-4.998946362581636,4.627704620361328
1747537286.5780854,-8.856139740774786,-5.162931752308403,4.8084259033203125
1747537286.6000648,-8.8820977882034,-5.167363577888202,6.884098052978516
1747537286.626045,-8.892448655694654,-5.307004859686834,3.556966781616211
1747537286.6467655,-8.903630989103727,-5.530576597622985,8.459091186523438
1747537286.6679559,-8.863277339178065,-5.545761269961994,5.614519119262695
1747537286.6853266,-8.783963506076567,-5.5550911437645665,5.225658416748047
1747537286.702191,-8.838012655594847,-5.449198873851427,4.876375198364258
1747537286.7182162,-8.769598034684787,-5.553080759445216,3.767728805541992
1747537286.7371051,-8.659681013246837,-5.542952837436826,3.814220428466797
1747537286.75614,-8.629689282197223,-5.47464084490054,4.8503875732421875
1747537286.7773206,-8.61567105319401,-5.465472843073358,4.000186920166016
1747537286.8031387,-8.660087775399841,-5.4034038693668345,9.426593780517578
1747537286.8225377,-8.65741942854341,-5.255474942103004,3.4322738647460938
1747537286.838899,-8.602115427790237,-5.285669398995031,5.099058151245117
1747537286.8629165,-8.59534457823474,-5.420793976092019,9.238243103027344
1747537286.8821182,-8.623618492333273,-5.2959722372664375,5.016803741455078
1747537286.9262307,-8.577442052257712,-5.299706676769295,8.710622787475586
1747537286.9724338,-8.615999150116282,-5.070017788355506,8.387565612792969
1747537287.0179944,-8.734243005737714,-4.988204339758628,7.482051849365234
1747537287.0358698,-8.768575562414007,-4.815475997427266,4.03904914855957
1747537287.0519333,-8.68535683972389,-4.779797583312961,4.254579544067383
1747537287.0717463,-8.594032333019126,-4.749852136320686,6.386280059814453
1747537287.0964847,-8.533106179565959,-4.808496141052053,4.728555679321289
1747537287.118266,-8.482104334955993,-4.939734579457433,5.223274230957031
1747537287.138735,-8.404387741130266,-4.934262948668534,3.798961639404297
1747537287.1602526,-8.35979143474007,-4.784819871808299,5.983114242553711
1747537287.1884751,-8.455658239963494,-4.713364366820333,9.186029434204102
1747537287.2420125,-8.407777176175728,-4.635527962340861,12.589693069458008
1747537287.2670157,-8.416487186424556,-4.700154159498649,7.596254348754883
1747537287.2908597,-8.383479379635407,-4.846459458298505,3.743886947631836
1747537287.312365,-8.217371373323212,-4.8148695563403985,6.071805953979492
1747537287.334698,-8.159352173832712,-4.878053230949992,4.849433898925781
1747537287.3621645,-8.18657718533392,-5.043555779017199,4.572391510009766
1747537287.3781078,-8.216615091809567,-5.017111201296982,4.410028457641602
1747537287.4027114,-8.296254494438763,-4.885035406841742,7.0514678955078125
1747537287.4227567,-8.25461550116467,-4.954559801957233,5.719184875488281
1747537287.4387083,-8.292495186142647,-5.090502015772085,3.627777099609375
1747537287.4594216,-8.311308334598651,-4.975615423015601,5.938291549682617
1747537287.4760797,-8.219614250684835,-5.066666071677854,4.260063171386719
1747537287.4970095,-8.210040305417264,-4.895116982402218,3.7550926208496094
1747537287.513558,-8.305100569769747,-4.901046485114369,3.5729408264160156
1747537287.5322442,-8.349422764759455,-4.877238650825538,4.071950912475586
1747537287.558267,-8.36275101273271,-4.905885733876397,4.194498062133789
1747537287.579236,-8.440393481340804,-4.919806787647644,6.137371063232422
1747537287.6171641,-8.433911193973962,-4.94373200354963,5.066394805908203
1747537287.639523,-8.53352406232625,-4.88799573687441,4.482030868530273
1747537287.6583881,-8.525817832392026,-4.8488344116207065,4.075765609741211
1747537287.6782746,-8.462161587314922,-4.858875418376629,4.765510559082031
1747537287.6984417,-8.50327329051811,-4.826021430317345,4.281759262084961
1747537287.7198727,-8.514491948481108,-4.878644510201175,6.862163543701172
1747537287.7400084,-8.543564316372967,-4.925217817467976,3.7000179290771484
1747537287.7590792,-8.635516181520002,-5.043129773765342,3.595590591430664
1747537287.7910419,-8.600018277963333,-5.089632589091633,6.808042526245117
1747537287.8143713,-8.519337000817115,-5.16849887866316,4.641056060791016
1747537287.840279,-8.582187308985201,-5.246426917854541,6.523609161376953
1747537287.8642411,-8.607121162380224,-5.236138458608155,4.575252532958984
1747537287.8840322,-8.543677929026707,-5.245278422343391,4.150867462158203
1747537287.9019544,-8.581309797193425,-5.269279005006893,3.545522689819336
1747537287.9172745,-8.592334682629737,-5.12440090718953,3.9520263671875
1747537287.939121,-8.708158770259788,-5.270238139221584,5.7353973388671875
1747537287.95835,-8.608985061141547,-5.144287524664864,4.492521286010742
1747537287.9792588,-8.667249182111332,-5.108459832980527,5.091190338134766
1747537288.0036306,-8.693134919330657,-5.192512332204044,3.981351852416992
1747537288.0265813,-8.736303575351592,-5.189806108741392,3.520965576171875
1747537288.046531,-8.80369994053466,-5.157511061575969,3.5707950592041016
1747537288.0634272,-8.853840132109783,-5.36927401309564,3.623485565185547
1747537288.0863795,-8.930960007349007,-5.455375676327644,6.036520004272461
1747537288.1036284,-8.891364904288924,-5.5502542094307294,5.250215530395508
1747537288.121107,-8.883511602248207,-5.384317081194452,4.281282424926758
1747537288.139485,-8.93674083443281,-5.455027312396302,5.329132080078125
1747537288.1576767,-8.969011890770538,-5.362552162866568,5.452871322631836
1747537288.1772945,-8.908223988974363,-5.313826593700116,4.013538360595703
1747537288.1974971,-8.860720133317306,-5.404796423600869,4.297018051147461
1747537288.223768,-8.84429632251362,-5.38659637178129,9.060144424438477
1747537288.2416348,-8.976892242355786,-5.332560769868877,3.789663314819336
1747537288.2626395,-9.017733872186271,-5.37391709882194,6.218194961547852
1747537288.2822897,-9.000193412383476,-5.447305292439898,3.5371780395507812
1747537288.3106766,-9.034684471934256,-5.317093971698457,3.6373138427734375
1747537288.32666,-9.059374416378121,-5.353875034766303,3.827810287475586
1747537288.343136,-8.905441744984527,-5.426427102549703,3.6606788635253906
1747537288.3618548,-8.924813949871055,-5.285892369171737,4.692316055297852
1747537288.3819556,-8.875976804891181,-5.306671967816442,7.443666458129883
1747537288.399555,-8.696366957552708,-5.180266898431488,4.0435791015625
1747537288.4195666,-8.609940222048277,-5.306956137501606,4.602670669555664
1747537288.4397395,-8.639532304742225,-5.52381113894515,5.313873291015625
1747537288.45773,-8.631244323619041,-5.513915874904744,4.520416259765625
1747537288.4775333,-8.628731284729303,-5.4401162310615225,4.979610443115234
1747537288.494751,-8.610244343506432,-5.7363296415416,4.29081916809082
1747537288.5154827,-8.425019246365114,-6.01403825204291,6.097078323364258
1747537288.5374446,-8.52686100134457,-5.95561458892568,4.981040954589844
1747537288.5616004,-8.617547586352245,-5.960595986675546,5.391359329223633
1747537288.5758107,-8.745154661018635,-5.941682945243292,3.9415359497070312
1747537288.5970304,-8.567337721808245,-5.9207393249609845,4.618406295776367
1747537288.6194577,-8.61539621332697,-6.034822028075609,5.213260650634766
1747537288.6394331,-8.547233109029717,-6.134305193993291,6.237983703613281
1747537288.6556857,-8.587207960331675,-6.282653816765817,4.352331161499023
1747537288.676457,-8.518334432139325,-6.167679308501402,4.195451736450195
1747537288.6970668,-8.459023013155505,-6.131681367047115,4.681110382080078
1747537288.7148724,-8.503743455929078,-6.151772380620881,4.117727279663086
1747537288.7398493,-8.493368004379336,-6.15142776284521,6.263494491577148
1747537288.7604775,-8.359935300605809,-5.920661459041681,4.506111145019531
1747537288.7781801,-8.29123712539732,-5.8927306489924,5.931854248046875
1747537288.8119605,-8.26640774855057,-5.9291362693663,10.324954986572266
1747537288.9603176,-8.340953789577982,-5.972088659930162,5.201578140258789
1747537288.9792995,-8.507039298337997,-5.841825223124333,5.558013916015625
1747537289.0044608,-8.601190194326461,-5.941203954263433,4.943609237670898
1747537289.0338306,-8.602631895901071,-5.961655241577154,5.808830261230469
1747537289.053642,-8.573106730319118,-6.067088843928724,5.176782608032227
1747537289.0711026,-8.581978897388288,-6.230428824258202,4.106760025024414
1747537289.091291,-8.511064146090083,-6.174940492651577,5.259037017822266
1747537289.111786,-8.418969960883045,-6.237346254667285,5.470991134643555
1747537289.1337223,-8.276955131228359,-5.9905674118285255,7.488250732421875
1747537289.166044,-8.3158795709243,-6.042707367578863,4.189014434814453
1747537289.1947477,-8.281211523562602,-6.010753078520552,8.136510848999023
1747537289.216285,-8.33484409137453,-6.0493350689389525,4.697561264038086
1747537289.2421017,-8.518903626074465,-6.007719026019397,6.494045257568359
1747537289.2622347,-8.537571326407017,-5.9721792813986045,3.532886505126953
1747537289.2839167,-8.530541600542104,-5.776212214983753,3.9398670196533203
1747537289.3076894,-8.56191418485413,-5.805526064707453,4.377603530883789
1747537289.3241866,-8.612032883070857,-5.867353396161646,3.6728382110595703
1747537289.3438203,-8.743272913275499,-5.753056234284662,5.179405212402344
1747537289.4028516,-8.75182756364274,-5.741441921713509,8.66389274597168
1747537289.4350677,-8.782121310341202,-5.773782035917062,6.6318511962890625
1747537289.4629338,-8.80396139814302,-5.7360997248654,4.636526107788086
1747537289.4813335,-8.944228713174764,-5.611268156248565,4.366397857666016
1747537289.5040488,-8.954347619039137,-5.745810932983244,5.11932373046875
1747537289.5236459,-8.991072803594161,-5.625274518539657,3.53240966796875
1747537289.5455005,-8.948732577344678,-5.674062575281832,6.146907806396484
1747537289.573157,-8.873827146547724,-5.676975469209876,5.309820175170898
1747537289.6037018,-8.88648514797719,-5.74797202622517,8.944988250732422
1747537289.6255813,-8.870897973173234,-5.711252237442404,6.133556365966797
1747537289.6467378,-8.754546993507988,-5.597211705583809,5.091190338134766
1747537289.676347,-8.815309908242725,-5.651465750412697,4.129648208618164
1747537289.6990426,-8.795658918688893,-5.629581230928505,5.208492279052734
1747537289.725188,-8.836948337068103,-5.579393547662137,6.01959228515625
1747537289.7418282,-8.975831387333757,-5.486008341727515,3.6134719848632812
1747537289.7648013,-8.936269677083875,-5.287728033205386,3.607034683227539
1747537289.7863421,-8.870486719909323,-5.165564312563145,5.3501129150390625
1747537289.8069077,-8.903172676375188,-5.207405246409091,5.140781402587891
1747537289.829427,-9.024184348808,-5.1966607011743005,4.050731658935547
1747537289.8489928,-9.068952545163624,-5.092846704466979,3.734588623046875
1747537289.8699539,-9.133568729967708,-5.029254901748042,7.339954376220703
1747537289.8925178,-9.238290104814723,-5.002156870950985,3.6859512329101562
1747537289.911578,-9.207188220070593,-4.883160744933154,6.675004959106445
1747537289.9319458,-9.186120887696926,-4.80724474312369,4.055261611938477
1747537289.958551,-9.224045045533698,-4.811537989770725,12.357234954833984
1747537290.0123448,-9.26075920589088,-4.616135354195249,18.282651901245117
1747537290.0316215,-9.33103861440324,-4.442762477873435,3.7958621978759766
1747537290.061134,-9.372505718355878,-4.413560073271425,3.8785934448242188
1747537290.0885682,-9.41764358042381,-4.432711177621418,7.745027542114258
1747537290.1555538,-9.3053177404682,-4.2449574641727095,9.580373764038086
1747537290.1759732,-9.263102843533613,-4.1797539658404155,4.4708251953125
1747537290.201819,-9.137806954004793,-4.225195212814791,3.675699234008789
1747537290.2226925,-9.227659565734157,-4.162271338693859,6.252527236938477
1747537290.2434964,-9.111357982100174,-4.257504782470611,5.160093307495117
1747537290.265834,-9.020477667870875,-4.13176294280673,3.8940906524658203
1747537290.2877073,-9.058798567166097,-4.046340231447048,4.871368408203125
1747537290.3074908,-9.075168625577042,-4.021933117875396,5.350828170776367
1747537290.3273163,-8.92820471377566,-3.8982561313409594,5.123138427734375
1747537290.3492064,-8.818417798807982,-3.750509578388132,6.687641143798828
1747537290.376377,-8.89726938957234,-3.573072936224119,6.409883499145508
1747537290.393569,-8.80882276542594,-3.5898680631183235,5.224704742431641
1747537290.414297,-9.001627755539378,-3.437613641876041,4.515171051025391
1747537290.434387,-8.989769312734264,-3.4994795722020013,4.444122314453125
1747537290.4521642,-8.954800506222208,-3.3600122090964732,3.7102699279785156
1747537290.4820204,-8.874496646701921,-3.298267929349623,9.824991226196289
1747537290.511373,-8.843863390743703,-3.434939847727433,7.272243499755859
1747537290.5346231,-8.77353914188627,-3.595918351298126,6.697893142700195
1747537290.561693,-8.771616953139436,-3.542704687534233,7.574558258056641
1747537290.583337,-8.865865572288518,-3.7163727566218356,4.656791687011719
1747537290.608422,-8.66998926252935,-3.8885429941242697,5.051136016845703
1747537290.6321013,-8.646523454618396,-3.856576564940317,5.16200065612793
1747537290.6520994,-8.741831728415242,-3.8239539579157102,4.005193710327148
1747537290.6800961,-8.821324604737521,-3.7919008235798297,4.548788070678711
1747537290.7033496,-8.96889230985485,-3.6794546382737727,5.3310394287109375
1747537290.7279403,-8.758942721397394,-3.7069877448715114,5.616188049316406
1747537290.7536747,-8.631443242678207,-3.9511549636913608,5.445957183837891
1747537290.7815614,-8.779802611507003,-3.7078443536858816,3.9954185485839844
1747537290.8062053,-8.626950538560877,-3.646067722120518,4.042148590087891
1747537290.832204,-8.65807769943459,-3.7049926822849724,5.982637405395508
1747537290.8603845,-8.706011818832392,-3.7571982197005886,5.521297454833984
1747537290.8963203,-8.733957466837133,-3.6217729682802338,9.123563766479492
1747537290.926675,-8.627780696383239,-3.6232464616599325,3.963947296142578
1747537290.9579234,-8.778035835574826,-3.5940504597246643,10.973930358886719
1747537290.9828308,-8.60306287343373,-3.5215463650638408,6.327629089355469
1747537291.0073273,-8.738624606679439,-3.4040507134274396,5.347967147827148
1747537291.029709,-8.62756940442174,-3.4897306495874147,6.754875183105469
1747537291.0474916,-8.57620802959164,-3.403222229652655,5.12385368347168
1747537291.0650995,-8.571741627019609,-3.3364204793642287,5.550622940063477
1747537291.0819173,-8.544251900975404,-3.2646192060740487,3.934144973754883
1747537291.1020498,-8.544080686273329,-3.326241655463801,4.46319580078125
1747537291.1196492,-8.52723754861162,-3.324674803320996,6.219148635864258
1747537291.138972,-8.505805027774397,-3.3671293783684826,5.106925964355469
1747537291.1584454,-8.491356131072804,-3.301555685878634,5.984783172607422
1747537291.1814141,-8.555717418932149,-3.167772196176124,3.448963165283203
1747537291.2017126,-8.544285652401044,-3.1953712828877245,6.187677383422852
1747537291.2470968,-8.460865464378646,-3.323859040292493,12.199163436889648
1747537291.29388,-8.502867216901208,-3.193028488315094,4.282951354980469
1747537291.3132925,-8.48995951637734,-3.229792250874146,3.9746761322021484
1747537291.3298016,-8.449891199659735,-3.1312031292372153,3.95965576171875
1747537291.3483198,-8.429130360874751,-3.1704405572998744,5.499839782714844
1747537291.3679707,-8.614767087106715,-2.9613307804196496,5.199432373046875
1747537291.3917117,-8.559540992697006,-3.022849432922678,5.38945198059082
1747537291.4113073,-8.45601740856833,-3.1555432855114427,3.973722457885742
1747537291.4393146,-8.548250065546743,-3.1401889462939656,5.725622177124023
1747537291.4597733,-8.557661053493229,-2.9095765563277625,5.836009979248047
1747537291.4821844,-8.563157427368937,-2.933136245359454,7.859706878662109
1747537291.504253,-8.684357026437144,-2.7758773166744883,5.823373794555664
1747537291.523735,-8.709500125230809,-2.7798802152988458,4.708290100097656
1747537291.5450847,-8.63407647017307,-2.801435867558578,7.406473159790039
1747537291.568247,-8.65506946373911,-2.8673352657210494,6.864786148071289
1747537291.590493,-8.529669023380778,-2.99208379501474,3.4859180450439453
1747537291.6116273,-8.49418015192371,-2.9888821805828005,3.981351852416992
1747537291.6285207,-8.464298205840592,-2.9307430114192643,4.4918060302734375
1747537291.6456127,-8.457584390185664,-2.843191757664033,3.8831233978271484
1747537291.6633973,-8.390685719876585,-2.7795077717795733,6.83283805847168
1747537291.6833575,-8.372633613441915,-2.7129224218162395,5.376338958740234
1747537291.7040966,-8.400915213081342,-2.7540555828174416,9.565114974975586
1747537291.7254255,-8.31018045154969,-2.8965467109915695,5.072355270385742
1747537291.758453,-8.254599473175674,-2.8382370931422147,10.568618774414062
1747537291.8032472,-8.12752602535513,-2.928884468373981,5.350589752197266
1747537291.8297262,-8.21460037177643,-2.9039220898791385,6.780147552490234
1747537291.8535671,-8.236576306164768,-2.941475190074807,4.093408584594727
1747537291.8853211,-8.254935646215491,-2.868137718289196,6.590127944946289
1747537291.9062827,-8.273291714410384,-2.8985366410560993,3.8318634033203125
1747537291.9240506,-8.249799620758246,-2.795880055931542,4.1828155517578125
1747537291.9445112,-8.252801242785996,-2.7125735954218673,4.985332489013672
1747537291.967128,-8.30240156920089,-2.7050105935602633,5.736589431762695
1747537291.9855785,-8.202281076581396,-2.6659982378981404,5.45048713684082
1747537292.0041757,-8.212055062746604,-2.736823387555992,4.004716873168945
1747537292.0261621,-8.213297306244256,-2.908275007283618,3.8559436798095703
1747537292.0462017,-8.255728185403791,-2.902614466964215,4.945039749145508
1747537292.0670142,-8.159722846861278,-3.022777034825825,4.311800003051758
1747537292.0916348,-8.249890868942465,-2.9941986390595936,4.215240478515625
1747537292.112243,-8.14738677742878,-2.9669889150707536,5.5103302001953125
1747537292.1315663,-8.213328003835631,-2.9853349175343036,3.534555435180664
1747537292.166325,-8.186672499237075,-2.9563972069465985,10.738372802734375
1747537292.192728,-8.324954167130322,-2.8177855862683105,6.995439529418945
1747537292.2228937,-8.210427685080404,-2.7094196261652534,6.674528121948242
1747537292.2478952,-8.103466377455183,-2.782791113146029,5.214452743530273
1747537292.2679293,-8.138232831404201,-2.6904844618007027,5.743980407714844
1747537292.289322,-8.152801356013601,-2.753837002023877,4.187583923339844
1747537292.3114877,-8.127513464656655,-2.727354920849133,3.8051605224609375
1747537292.3323562,-8.283812283642018,-2.685200809006189,4.2819976806640625
1747537292.3584158,-8.281340952719406,-2.7223935314249683,5.357503890991211
1747537292.3786926,-8.172386216138145,-2.7768805417833944,4.271745681762695
1747537292.3995109,-8.177929179659625,-2.7575242934299014,7.389068603515625
1747537292.42843,-8.294493349663856,-2.7108122910576613,6.484031677246094
1747537292.4530125,-8.293435451984672,-2.6768053448868447,5.077600479125977
1747537292.4837625,-8.291162496712047,-2.6695223173881417,10.19740104675293
1747537292.5053656,-8.32142891395038,-2.6624826338245295,5.053997039794922
1747537292.523831,-8.219238991665321,-2.8032444997422385,5.518198013305664
1747537292.551843,-8.190251016871938,-2.864622122729553,4.355907440185547
1747537292.5712805,-8.160612398068894,-2.9192165623379793,3.759622573852539
1747537292.5929031,-8.257388087246547,-2.890415660861002,3.900289535522461
1747537292.6137068,-8.135855599998482,-2.9470344438616034,3.773927688598633
1747537292.6373806,-8.002112097035745,-3.0725732096944256,7.442951202392578
1747537292.6579115,-7.837964981798512,-3.2258017337885816,3.911256790161133
1747537292.6817238,-7.807341344737382,-3.2666515387175137,9.217977523803711
1747537292.702562,-7.925606572229749,-3.0934702209373404,6.46209716796875
1747537292.7213092,-7.960099853751235,-3.04299437875796,3.942251205444336
1747537292.7431118,-8.041142106204235,-3.0278156457098166,5.455493927001953
1747537292.7693152,-8.023118022016236,-3.085777114378211,3.517627716064453
1747537292.7917295,-8.054876485752823,-2.974800154929865,5.419015884399414
1747537292.8117247,-8.039960841847044,-3.036289461853963,4.125118255615234
1747537292.84283,-8.06012215483007,-2.9836261503134898,7.836103439331055
1747537292.8633742,-8.147429502218205,-2.9773828688375423,5.16963005065918
1747537292.8862014,-8.1185645876659,-2.9602342590746917,3.6902427673339844
1747537292.9067645,-8.171620012901501,-2.9833251053148806,3.611326217651367
1747537292.9337902,-8.021762662750362,-2.938271531524757,10.280609130859375
1747537292.9576862,-8.095062459087647,-2.829099373720907,8.432149887084961
1747537292.9816566,-8.200416493321402,-2.655545389554102,6.819486618041992
1747537293.0075881,-8.075222019129962,-2.7482032711280997,5.172014236450195
1747537293.0270736,-8.03655266636826,-2.651961698923538,3.9527416229248047
1747537293.0497417,-8.099831072878292,-2.64208501799722,3.773927688598633
1747537293.06913,-8.106070527380089,-2.69112674924866,5.755901336669922
1747537293.0896072,-8.042364352135461,-2.7713316781798425,5.179643630981445
1747537293.107951,-7.900416846653514,-2.8985112451473336,4.506111145019531
1747537293.1254199,-7.938714869846572,-2.9235884145883895,3.894805908203125
1747537293.142538,-7.965124800743398,-2.962440577173739,3.4956932067871094
1747537293.163517,-8.04081566316788,-2.8694339412537575,6.963491439819336
1747537293.181854,-7.958457330126448,-2.7938256102862966,4.235982894897461
1747537293.204318,-7.947196929388627,-2.922643295368171,4.600763320922852
1747537293.2257445,-7.961722169556508,-2.849293654374657,5.540609359741211
1747537293.2433848,-7.9512961824935005,-2.883774350166054,3.863096237182617
1747537293.2620807,-8.183922784569322,-2.696749268374798,3.7026405334472656
1747537293.2799609,-8.17338180819328,-2.74691167127459,3.6623477935791016
1747537293.3033216,-8.190558180334333,-2.8093773900255794,5.343198776245117
1747537293.3216224,-8.23629539449625,-2.810903762345795,4.349708557128906
1747537293.3396232,-8.095236459213334,-2.873465976568572,5.152225494384766
1747537293.358551,-8.158794548539857,-2.7493645922115277,4.236459732055664
1747537293.3769803,-8.017146485355648,-2.8103375367639454,4.848957061767578
1747537293.3941135,-8.171391607800958,-2.797363036672323,3.3788681030273438
1747537293.4118164,-8.150932441574387,-2.755177838899904,4.47535514831543
1747537293.4328046,-8.176068987338079,-2.6724138581314896,3.6046504974365234
1747537293.4567454,-8.138702110871746,-2.74075283496097,4.084587097167969
1747537293.4709704,-8.060610920337627,-2.802784874956436,3.428220748901367
1747537293.4910338,-8.137305354334904,-2.730679815221989,3.715038299560547
1747537293.5164125,-8.051256155552613,-2.7845092899835486,3.865957260131836
1747537293.5400472,-8.055309297137995,-2.583247706588029,6.239414215087891
1747537293.5617108,-8.144413873309935,-2.5330073342378907,3.7965774536132812
1747537293.5853624,-8.098244296513117,-2.451404178390009,6.932735443115234
1747537293.6079514,-8.04845147206732,-2.4481642816325193,3.8666725158691406
1747537293.6235013,-7.9765287026979825,-2.623802795277614,3.5181045532226562
1747537293.637081,-8.02774300974127,-2.5111830209228807,3.936767578125
1747537293.6508603,-8.088685649435897,-2.51336733527599,3.4723281860351562
1747537293.6709177,-8.28259678266059,-2.2906616229139916,3.429412841796875
1747537293.7049742,-8.35938609582457,-2.293441412697175,4.944324493408203
1747537293.7243383,-8.452461935794506,-2.167720958514403,4.480123519897461
1747537293.7425528,-8.422163527092561,-2.077383375746283,3.9899349212646484
1747537293.7621486,-8.433357912287196,-2.1220196911798626,3.5254955291748047
1747537293.7820637,-8.530430316249506,-2.0055117489783707,3.512859344482422
1747537293.8182483,-8.498603839313413,-1.919451451566289,3.9069652557373047
1747537293.9815044,-8.422488757678009,-2.061807428017054,5.778312683105469
1747537293.9974325,-8.434173707743078,-1.9911350697125398,5.027055740356445
1747537294.0288258,-8.548460011715745,-1.9567280153402702,9.145498275756836
1747537294.0525224,-8.484725911495863,-2.125644854760246,5.146265029907227
1747537294.0757344,-8.577971195131852,-2.0484034291968607,6.069183349609375
1747537294.0906987,-8.563970982572325,-2.038097899683904,3.7903785705566406
1747537294.1056683,-8.447804734776563,-2.121453495295605,3.9339065551757812
1747537294.1283524,-8.384069295319337,-2.1079433814600996,4.114866256713867
1747537294.1515093,-8.519590324054667,-2.008521010385088,6.076812744140625
1747537294.1816604,-8.493585691854515,-1.9660448204269787,8.295536041259766
1747537294.2066472,-8.43300426489454,-1.9114859623836176,4.7855377197265625
1747537294.2220807,-8.463327997868895,-1.7483167586507302,3.410816192626953
1747537294.2388637,-8.48316182263051,-1.7054204197847636,5.8765411376953125
1747537294.2639656,-8.607506815001349,-1.565358705698918,5.799531936645508
1747537294.2902253,-8.486545974758966,-1.6388534251084355,6.957530975341797
1747537294.3205059,-8.393178043527435,-1.7158387536397686,6.506443023681641
1747537294.3610888,-8.507540404015092,-1.613940238122116,6.318330764770508
1747537294.3879793,-8.426825263972564,-1.7153726484548546,6.445884704589844
1747537294.4200616,-8.445662079042231,-1.7468142570895977,8.245468139648438
1747537294.458087,-8.517068711139375,-1.5844387680202845,8.04901123046875
1747537294.4872994,-8.621129076121955,-1.6562528790521662,5.732536315917969
1747537294.5016496,-8.586236376279095,-1.7518653176467467,3.5097599029541016
1747537294.5168195,-8.608034923552847,-1.7676957187807416,3.9162635803222656
1747537294.5316393,-8.607505774348274,-1.7801725647019986,3.513336181640625
1747537294.5593264,-8.691338675784944,-1.7029309738756966,5.117654800415039
1747537294.579865,-8.720705068923913,-1.7392546018696904,4.177570343017578
1747537294.6113493,-8.663745092652483,-1.6596996702379256,4.071474075317383
1747537294.6285372,-8.626819549192641,-1.692864267789453,3.7147998809814453
1747537294.6430948,-8.488984431473991,-1.760360805629798,4.1751861572265625
1747537294.6867282,-8.565153112224618,-1.7897472589938865,6.491661071777344
1747537294.7148252,-8.442038017736333,-1.853431764096451,6.554603576660156
1747537294.7392197,-8.363407600442855,-1.9596441277374381,5.604267120361328
1747537294.7582374,-8.45969640116,-1.891104576246155,4.750490188598633
1747537294.7782156,-8.480320800240499,-1.8469314307138327,5.296468734741211
1747537294.8033104,-8.297156650843455,-1.8831658462908956,5.634307861328125
1747537294.8220248,-8.276025851623727,-1.8869818820123212,4.666566848754883
1747537294.839968,-8.209243174166494,-1.906319966854744,4.167795181274414
1747537294.8560672,-8.1364244898059,-1.9935825777323206,4.370450973510742
1747537294.878179,-8.214071281917423,-1.987578889416842,7.3146820068359375
1747537294.9011025,-8.267862909975186,-1.9195801775491081,3.630399703979492
