time,x,y,computation_time
1746666291.1379144,3.0529281287752763,1.2569947255590812,18.415329
1746666291.1598926,3.041069354660825,1.2771964283490782,40.393546
1746666291.1979985,3.0352851146906503,1.2862292768466959,25.348007
1746666291.2230213,3.0366787748286344,1.2684926914670627,50.370879
1746666291.2485394,3.0479087766763415,1.2610439578746524,9.846447
1746666291.2714596,3.0647945445322935,1.253112263103501,32.766404
1746666291.2945826,3.07871143432298,1.24838674902124,55.88957
1746666291.3215432,3.0970568263140055,1.2407709691932214,17.774211
1746666291.3468862,3.0973384645326223,1.2399453602004586,43.117097
1746666291.3941944,3.091842011627854,1.2416126072356777,24.06337
1746666291.4169793,3.07158954590819,1.243665665012716,46.848409
1746666291.4447513,3.0619863543414834,1.2458640224664768,9.961716
1746666291.4692123,3.055087725104498,1.2493068734498058,34.422673
1746666291.4959671,3.0704609789779562,1.2493507568018694,61.177562
1746666291.5517647,3.0771238516346964,1.2515871611221987,51.216839
1746666291.5667899,3.091173942337871,1.247664543819661,66.242056
1746666291.5948167,3.099669500414896,1.2406182614327392,94.268685
1746666291.6196547,3.1112638622527755,1.2354283859965427,19.393711
1746666291.6450527,3.110833444897328,1.231305019981855,44.791833
1746666291.681903,3.111839871564338,1.2345952364074524,17.899177
1746666291.7078676,3.103152979922699,1.2379320980476984,43.863853
1746666291.736427,3.102805595156875,1.241241278855689,72.423339
1746666291.7636123,3.096763507533992,1.2386676099585445,19.800482
1746666291.792911,3.0861458621171245,1.240681085100907,49.099203
1746666291.8168688,3.0708847914961876,1.242305022054548,16.851287
1746666291.8440404,3.062692513488191,1.251195819365857,44.0229
1746666291.8745556,3.0563339025196483,1.2564599894394457,13.994738
1746666291.9036615,3.0452216589398655,1.258488111047411,43.100521
1746666291.940563,3.0378673908547533,1.259780528635991,14.100823
1746666291.9773805,3.0614254119085884,1.2563870467389355,50.918265
1746666292.0042355,3.062194686134584,1.2529078823361544,12.637138
1746666292.0321488,3.051600231897772,1.2500087343591222,40.550577
1746666292.057879,3.0484030630759027,1.2545292037085405,66.280618
1746666292.086769,3.044278348244522,1.255469846642324,22.864978
1746666292.1139617,3.043690325594041,1.2576800673950086,50.057616
1746666292.1530106,3.0418390072142256,1.2626670402023303,30.308944
1746666292.1848552,3.0376914502451307,1.2666262585906325,62.153384
1746666292.2250164,3.0372380875879115,1.2630038927994522,36.43112
1746666292.2545576,3.043330728019015,1.2624005142025279,65.972284
1746666292.2991812,3.0805682357864534,1.2476995657370766,38.811519
1746666292.3339436,3.091745901480036,1.2425256872305963,14.188059
1746666292.3642848,3.086534091815555,1.2474128779278646,44.52942
1746666292.3944225,3.1031367013339866,1.2448899421335589,9.678022
1746666292.4270318,3.0965645064097234,1.2464220380851478,42.287298
1746666292.4626863,3.0802122797851865,1.2516739489738387,12.382534
1746666292.4918728,3.0665212045702956,1.2502300909510702,41.568833
1746666292.5229745,3.062731715154122,1.2483483940724711,6.82096
1746666292.5492578,3.060034160561836,1.2543389611045455,33.104211
1746666292.575985,3.0371288288440867,1.2689595881392473,59.831259
1746666292.614926,3.0458961335300816,1.2584802374726032,33.849207
1746666292.6519167,3.0559345167607646,1.2554205906613591,70.839841
1746666292.6728766,3.063896157421084,1.250822934767136,13.511579
1746666292.7073238,3.0794555134334987,1.2493574353911217,47.958926
1746666292.7402594,3.0777922091279573,1.2498270339560709,26.586433
1746666292.7673,3.0837934528770807,1.2477917564768362,53.627
1746666292.7998083,3.0929842979898536,1.2446715874550374,22.127312
1746666292.8233957,3.1020547345691547,1.2467226710708932,45.714788
1746666292.842157,3.1091099934022233,1.2447048069027165,64.476022
1746666292.8681269,3.115158944251174,1.2457327520206982,15.159336
1746666292.9070404,3.1160730663573726,1.2440115580737505,54.07294
1746666292.930654,3.115851379183211,1.2416325568698339,15.621502
1746666292.9570735,3.110431579726435,1.2416140137632656,42.040951
1746666292.9820745,3.114392194944286,1.2406869638302447,8.042074
1746666293.007652,3.1223287655163183,1.2439074743822696,33.619628
1746666293.035191,3.1308903060153064,1.2443872231852033,61.158681
1746666293.0615654,3.147032975826471,1.244160127628233,20.612105
1746666293.0905166,3.1370909304380317,1.2435178980949582,49.563225
1746666293.1214657,3.109118655342375,1.2457985605224835,16.274557
1746666293.1617293,3.1104700838418413,1.2436563455639917,56.538145
1746666293.272972,3.108932126704644,1.24805548460242,5.59175
1746666293.2821555,3.099676917281524,1.2503262225126899,4.542101
1746666293.2942777,3.0977505637514695,1.2501456664227388,16.664302
1746666293.3275738,3.0996018064645274,1.2455309959870002,24.496639
1746666293.36039,3.107050051556809,1.240730785252523,57.312773
1746666293.3906634,3.1184862623396112,1.2332951195699646,23.301447
1746666293.4273138,3.1196461243571885,1.2285750570681397,59.951969
1746666293.4602506,3.123629908467616,1.2317525727206178,27.02527
1746666293.488645,3.1175206323002094,1.2331114550001392,55.419756
1746666293.518652,3.1147015470347275,1.2277233293218703,19.825988
1746666293.5554411,3.1115980112582244,1.2319080501357111,56.6153
1746666293.5869174,3.0892955640190705,1.2356046705306443,21.672442
1746666293.6120753,3.092214308448598,1.237186465416502,46.830328
1746666293.6448407,3.0945544953654913,1.2388503280810814,15.616701
1746666293.6778686,3.0786176587726115,1.2482845015334658,48.644589
1746666293.710873,3.071010584163626,1.2502570188861981,81.648796
1746666293.7431486,3.0553674362353602,1.2562142283451199,15.561019
1746666293.7786698,3.063214587735593,1.257634202769783,51.082432
1746666293.8066344,3.0878384993028885,1.2506380011914544,13.716964
1746666293.8334458,3.0906976549247194,1.2549143808247623,40.528496
1746666293.8856118,3.1064697808341135,1.247455284389983,25.285924
1746666293.9205787,3.145800313353266,1.2324232531510704,60.252751
1746666293.9530807,3.198767136033885,1.2180380102177455,25.92013
1746666293.9880152,3.2634508952063928,1.19899790184076,60.854571
1746666294.020129,3.293234952639299,1.190117131216227,20.971801
1746666294.044297,3.347275570543468,1.1683303920569779,45.139753
1746666294.0691717,3.364172308903216,1.162008879730979,12.998434
1746666294.1004639,3.3960181214119842,1.1443502944864272,44.290529
1746666294.1269464,3.415134461175101,1.1356282817514929,6.196899
1746666294.1529806,3.4372473895845284,1.1291291705504214,32.231018
1746666294.1937091,3.4455824737639063,1.1214658238198005,7.270038
1746666294.2230065,3.532153315384936,1.0916142736776,36.567478
1746666294.2588406,3.5582433809632135,1.0842371594490199,7.110382
1746666294.2826567,3.606470467080256,1.0682193180386856,30.926317
1746666294.306991,3.625622973039216,1.0627167917609837,55.2609
1746666294.3367915,3.674647376501521,1.0466574871553587,18.015758
1746666294.3720908,3.7361193553622387,1.036395183602954,53.315081
1746666294.4061544,3.816899295639705,1.0138000444118909,23.139615
1746666294.4402316,3.8880960925807164,0.9955290139552576,57.216736
1746666294.4638739,3.9574605745838256,0.9715765195378575,15.020033
1746666294.5015972,3.99751102692666,0.9635748023006043,52.743438
1746666294.5278683,4.091879647033866,0.9387822727029773,14.324033
1746666294.5510614,4.135493485173241,0.9254973112065682,37.517123
1746666294.5786932,4.162118856930075,0.9134561290239203,65.148981
1746666294.6074355,4.23227284202343,0.8710254145657813,22.53421
1746666294.6358197,4.267243525109367,0.8511332668776862,50.918488
1746666294.6628053,4.331322333467211,0.8235687384283505,17.989037
1746666294.688139,4.387688046990197,0.8003803465948024,43.322739
1746666294.7186522,4.442288633880935,0.7794331606245926,8.519504
1746666294.7495239,4.532778621624627,0.7332396383543641,39.391034
1746666294.802445,4.624889278419114,0.6917534294231074,92.312145
1746666294.8303444,4.691851798849808,0.6578054893951397,20.024909
1746666294.8637972,4.727363482556213,0.6321855719687841,53.47768
1746666294.891797,4.805161997510514,0.5802858151382126,17.466741
1746666294.9259317,4.8530121953730765,0.5280611312721245,51.601465
1746666294.9536784,4.8724481452595265,0.5033457387250585,13.55062
1746666294.9846022,4.914875554456806,0.43306536739448076,44.474441
1746666295.0137668,4.936282831234327,0.41578173096731175,73.639108
1746666295.0389214,4.940860025685647,0.38044276403072286,17.500695
1746666295.0718038,5.009045160810392,0.3178183296290336,50.383104
1746666295.1198735,5.03830071165356,0.24960778895958344,45.03978
1746666295.150701,5.074493064178682,0.19261494704759285,14.1382
1746666295.1845403,5.081462046880726,0.15314455410716346,47.977422
1746666295.2130656,5.130315882657186,0.09707840025231329,11.727111
1746666295.245679,5.088496363749696,0.07416645651500109,44.340387
1746666295.2766442,5.110552466204818,0.0005820542265967516,9.779084
1746666295.311895,5.127990692595779,-0.06725788682578898,45.029572
1746666295.3549488,5.165845299084957,-0.15331044533347982,22.093742
1746666295.4068441,5.223098754086287,-0.2217377745074803,73.989172
1746666295.4385803,5.277044141112107,-0.29206751761140654,24.003944
1746666295.5010695,5.29279289573496,-0.3742309530618117,36.591063
1746666295.5424032,5.351288462627264,-0.5037635757671257,12.256768
1746666295.5697982,5.396191537655403,-0.5859613051973181,39.651879
1746666295.606091,5.427719802900602,-0.6456535826413963,75.944625
1746666295.6419723,5.4481718553082645,-0.6747313986294999,14.360963
1746666295.6747532,5.494017479393911,-0.761365180092839,47.141799
1746666295.7099931,5.511325202058518,-0.8506056977330455,17.308525
1746666295.7447379,5.509739339870531,-0.9444879954495482,52.05339
1746666295.784295,5.522755344712305,-0.9931837559146671,24.419451
1746666295.8140748,5.6116854755163,-1.081850538610122,54.199187
1746666295.8486044,5.645187027160475,-1.1101292301539285,22.539587
1746666295.8862138,5.697023461007496,-1.2535874185999112,60.149066
1746666295.9172242,5.694750878782053,-1.2917744161426843,24.123149
1746666295.952119,5.754305754962873,-1.3835245382310604,59.018133
1746666295.9876733,5.762055375498421,-1.42235068897185,26.233744
1746666296.024828,5.805766615023468,-1.5073770337674677,63.388514
1746666296.0507777,5.832507272336724,-1.5971091922567706,18.04184
1746666296.082424,5.8738633997734375,-1.6382547853998122,49.687999
1746666296.1106906,5.918359412691268,-1.7357382262748347,24.142958
1746666296.1417677,5.928556021889071,-1.7792367045841202,55.220162
1746666296.1726832,5.935220079777208,-1.8715753377568478,21.541588
1746666296.206828,5.897256468663206,-1.989519671350561,55.686296
1746666296.2425225,5.829852416435191,-2.044062630715029,24.069195
1746666296.2765439,5.868556540504291,-2.145439517555356,58.090634
1746666296.3049572,5.8566851418939905,-2.25760828948139,13.575773
1746666296.3315763,5.990055956075715,-2.274324214163271,40.194912
1746666296.3626833,5.989069337575772,-2.3399273219410093,71.301974
1746666296.3941917,5.9493883146943976,-2.448056948418521,13.388021
1746666296.425884,5.987145496396548,-2.5437897498442164,45.080166
1746666296.4635723,5.982071819327839,-2.5961430172756637,17.286892
1746666296.499548,5.939565249571211,-2.683087771942958,53.262694
1746666296.5282042,5.916449025934844,-2.803454197165702,16.669264
1746666296.5604036,5.894105105907252,-2.853702540162752,48.868697
1746666296.5879693,5.869760037772767,-2.952215804280918,10.444747
1746666296.619337,5.8554472971637175,-3.0043254860674464,41.812748
1746666296.6509495,5.831774994291971,-3.096559316563367,8.125918
1746666296.6843147,5.798239786457317,-3.191504817458057,41.491325
1746666296.7221754,5.780401089569003,-3.271246219774087,13.611935
1746666296.7600172,5.744924479427996,-3.3152290170983307,51.453809
1746666296.7943704,5.706071996562591,-3.412676542252407,20.503971
1746666296.8363986,5.662080949471874,-3.4990635613258525,62.532314
1746666296.8783193,5.597152067314635,-3.5796644285352,33.737362
1746666296.915307,5.550033660256233,-3.6574383177178866,10.414953
1746666296.945967,5.486400530830305,-3.7033182035793804,41.074922
1746666296.9798095,5.3874546123587415,-3.761280362783898,8.784061
1746666297.005378,5.288849800495096,-3.8085458731847552,34.352622
1746666297.0339713,5.251885954832984,-3.834067947490226,62.945902
1746666297.065987,5.241863671988072,-3.8527900993588844,21.376812
1746666297.1017358,5.184786098736201,-3.899911147479877,57.125532
1746666297.1333103,5.096275840177034,-3.9440097358603086,27.53899
1746666297.1797094,5.065851054133307,-3.957764088686782,73.938226
1746666297.2062857,5.010763397386865,-4.010327680497193,6.384556
1746666297.2344806,4.968333962204771,-4.047661706088625,34.579385
1746666297.2659357,4.921059679783223,-4.089235108508814,66.034431
1746666297.299799,4.924805462677682,-4.090542177640446,28.904911
1746666297.3402953,4.889389713193478,-4.1334450469639945,9.453532
1746666297.385177,4.822687809031026,-4.179696389581031,54.335129
1746666297.4069133,4.797857560474536,-4.2057405797639715,8.848703
1746666297.4470835,4.726812969341783,-4.278477340923716,49.018847
1746666297.4824412,4.704505776597636,-4.312569275663598,20.870389
1746666297.525915,4.650146158718219,-4.37665082106518,64.344047
1746666297.5599334,4.595166005091202,-4.438724138850008,28.493179
1746666297.587743,4.484581846430248,-4.493784722772543,56.302709
1746666297.621583,4.4143187633867305,-4.517805203630667,28.186028
1746666297.650796,4.311711886296337,-4.562962642090101,57.398985
1746666297.6808093,4.274697135691646,-4.5757087340386535,21.40907
1746666297.7088106,4.178892433189874,-4.635971758498736,49.410418
1746666297.7447264,4.143452657203828,-4.659263129565918,21.018043
1746666297.7809453,4.09481639766456,-4.706611922357246,57.236993
1746666297.8243084,4.032505311329153,-4.750412748126315,35.264665
1746666297.8660765,3.96478358379673,-4.784336608989644,11.266642
1746666297.905049,3.852390040150297,-4.829803923092476,50.239161
1746666297.9337723,3.8094699577044633,-4.852765861998482,78.962494
1746666297.9681087,3.755231925499445,-4.862284567745891,15.416277
1746666297.9947648,3.7251897203693405,-4.870401172765764,42.072409
1746666298.0258985,3.6536054507698954,-4.883845840295126,5.862612
1746666298.0513492,3.5965755480545196,-4.8877735722422315,31.313504
1746666298.082335,3.566853095295832,-4.891514013142433,62.299152
1746666298.1049588,3.5059969715312733,-4.883087005223103,18.065873
1746666298.1322496,3.4718131165813015,-4.8763043467144165,45.356819
1746666298.1744082,3.4411454708722315,-4.869559264987758,25.185504
1746666298.3138554,3.2718952473771465,-4.864807909126418,6.26407
1746666298.3412135,3.2095775634492596,-4.855403912829246,12.425064
1746666298.36,3.1717893888053537,-4.827347581224066,11.642115
1746666298.3715034,3.09272199372343,-4.789944747966018,23.145696
1746666298.3877947,3.0310763764194526,-4.761566754556812,39.437117
1746666298.4265475,2.9896417057649143,-4.740747234953629,14.328417
1746666298.4497795,2.9436305814168215,-4.692491943571102,37.560261
1746666298.4776824,2.857392766075735,-4.651150433087388,65.463204
1746666298.5132046,2.8045087269632454,-4.624948106895661,32.235787
1746666298.5550582,2.7054713236072803,-4.593219774866061,12.404807
1746666298.5900903,2.6175847688094174,-4.545230535963588,47.436629
1746666298.620256,2.552346369443021,-4.505959591218056,12.303714
1746666298.645973,2.4557351260074927,-4.4573741985991875,38.020731
1746666298.6757276,2.4197128221268995,-4.439348826538371,67.775217
1746666298.7080593,2.4005075617157696,-4.429117547701371,100.106976
1746666298.7434258,2.3183479866764576,-4.415366303441733,30.564733
1746666298.7721004,2.183245119473005,-4.379946020936394,59.239424
1746666298.801966,2.111933783980345,-4.3409866737473655,26.333141
1746666298.8404474,2.009345798409217,-4.297477779227437,64.814693
1746666298.885782,1.9246964426913935,-4.26522985166865,42.044215
1746666298.9267128,1.8102784541158594,-4.224722457743011,23.906275
1746666298.9616904,1.7172400765381872,-4.192311300646156,58.884079
1746666298.9934816,1.6579548854904629,-4.172994409535751,24.665479
1746666299.018528,1.5996417953560633,-4.157316327231117,49.71168
1746666299.0470462,1.5164643561208904,-4.125930359564605,13.138601
1746666299.075719,1.4819988276389258,-4.10701623627759,41.811596
1746666299.1088095,1.4017607615941519,-4.069614928878118,8.829663
1746666299.1382444,1.3606858619863715,-4.027420709803433,38.264614
1746666299.1904914,1.3425049510087803,-4.009523292562363,24.791213
1746666299.2132325,1.2937200008592133,-3.9848322493117814,47.532345
1746666299.2442546,1.2168242892611776,-3.917967878288575,13.984145
1746666299.2824156,1.202022257527104,-3.8769338453767723,52.14517
1746666299.3286252,1.1195388910647965,-3.786310512274306,32.559226
1746666299.3732867,1.08550730676235,-3.7562224822132175,11.722951
1746666299.406199,1.0341871023446698,-3.684088837218884,44.635154
1746666299.4353588,1.016875343018597,-3.657947881051907,73.79502
1746666299.469887,0.9855025803196145,-3.605337436859514,8.643094
1746666299.5038326,0.9785461608229333,-3.5537293064489157,42.588657
1746666299.5342307,0.963836732321362,-3.5194486130505274,5.580838
1746666299.5847788,0.9262711038600246,-3.435464030578805,56.128813
1746666299.6320715,0.9296169853278502,-3.363123103254643,41.735529
1746666299.673074,0.9338991758698317,-3.2979662631248226,15.991631
1746666299.7134624,0.9553831469407185,-3.256189441885459,56.380185
1746666299.7526639,0.9717439522982837,-3.231656453468706,29.06319
1746666299.7871933,0.9807355878122761,-3.181408188985837,63.59262
1746666299.830698,0.9993627497865631,-3.1055438443587273,33.520391
1746666299.8673532,1.0100579524324031,-3.0604450194178816,14.55326
1746666299.907415,1.0394358513365198,-3.01950349706588,54.615142
1746666299.936022,1.063202373174957,-2.9922071914311346,18.044176
1746666299.9763103,1.092456440863367,-2.9523416686987556,58.332437
1746666300.009229,1.1210884285503555,-2.9150530790384415,25.462765
1746666300.0440624,1.137420260829341,-2.9011327873743857,60.296145
1746666300.0781121,1.1640187661559436,-2.867187859007871,27.78761
1746666300.1076276,1.1796438875652397,-2.8305604982178725,57.303109
1746666300.1449115,1.203027889933963,-2.802163207408635,30.531419
1746666300.1698487,1.2169815200544296,-2.788517703045523,55.468558
1746666300.1937714,1.2384187144161196,-2.7518690099066925,13.308913
1746666300.221967,1.2556645974521958,-2.7348248135624362,41.504734
1746666300.2470984,1.2852495615993562,-2.723026021641913,66.636059
1746666300.2935624,1.3112439083183798,-2.712223678005973,9.716905
1746666300.3129015,1.4197703029290527,-2.664404018924091,29.055925
1746666300.334784,1.439022315216985,-2.6506913370440555,50.938586
1746666300.3657606,1.467943836642575,-2.6308826311421636,17.577594
1746666300.3937342,1.494342656123254,-2.591340370565997,45.551356
1746666300.4225574,1.517353982180177,-2.580315554186506,13.517884
1746666300.446606,1.5393721422166247,-2.538221431558099,37.566533
1746666300.4694984,1.5638614615036592,-2.5172995035878065,60.458905
1746666300.492929,1.5921195369816732,-2.503243750641619,18.188183
1746666300.518168,1.597936115151197,-2.4797474986013213,43.426969
1746666300.552055,1.6115776697667117,-2.43288977246503,11.726695
1746666300.5869596,1.6175513467960234,-2.409242471165278,46.631535
1746666300.6081865,1.6350202697817147,-2.361178320985195,67.85842
1746666300.6419246,1.652920752808348,-2.321649990910956,28.344499
1746666300.684164,1.6707575654597677,-2.2820516248575213,12.240543
1746666300.7197115,1.6790814951550856,-2.264420905226531,47.787973
1746666300.748827,1.698040413885485,-2.2271763570672225,10.702327
1746666300.786726,1.7046611699687062,-2.2115221045982194,48.601228
1746666300.823313,1.7196796982431846,-2.180584364612344,20.540773
1746666300.8503728,1.7338809843253709,-2.1521670654443996,47.600508
1746666300.881543,1.741284640064655,-2.1391049174810823,13.611008
1746666300.9126654,1.7533642075392075,-2.114049246842257,44.733398
1746666300.9355283,1.7566576179212667,-2.1054213732066587,67.596424
1746666300.9645047,1.7696744077934121,-2.079488767858084,23.200418
1746666300.9947486,1.778081517376472,-2.064424378860107,53.444143
1746666301.0227656,1.7868520233864658,-2.053637425062823,19.227975
1746666301.0475278,1.800169254379961,-2.0312502136256883,43.990322
1746666301.0771759,1.8036354986288696,-2.020902892249728,12.628689
1746666301.1008413,1.808610765484313,-2.0130310868442813,36.294121
1746666301.1264071,1.8131289845770242,-2.0052385432317483,61.859802
1746666301.1570604,2.0496588098414064,-2.1877329723562764,18.642828
1746666301.184253,2.204345877777564,-2.313108769172934,45.835241
1746666301.219461,2.2300972827675363,-2.3262568066346296,81.043424
1746666301.2515707,2.2460173169958786,-2.3410834536711933,23.19901
1746666301.2831275,2.2834063434892764,-2.3578834179893122,54.755885
1746666301.3181398,2.293597915131336,-2.366571158617498,24.503199
1746666301.3507535,2.2840654151821336,-2.3779358200003813,57.116987
1746666301.3836844,2.2659767226399747,-2.389698361813568,23.237412
1746666301.408561,2.275570158394134,-2.4113783636852753,48.113972
1746666301.4447393,2.2651332569955316,-2.4277138902531967,20.090352
1746666301.4877965,2.2343672159230548,-2.439117178750647,63.147383
1746666301.5254374,2.2384809578479734,-2.4503988356829294,33.055345
1746666301.549326,2.2383706533769794,-2.4541376597174067,56.943923
1746666301.5751748,2.2263918009935737,-2.4621492458518475,17.441332
1746666301.6042871,2.1980512652131052,-2.4761298144386976,46.553579
1746666301.6314325,2.1780726471282885,-2.4940755756171784,10.329542
1746666301.6596556,2.21679325961201,-2.5019312897122963,38.552532
1746666301.6867127,2.2220080433867646,-2.50605116152156,65.609611
1746666301.7165186,2.2128941712024925,-2.5090804640152973,22.816048
1746666301.7534173,2.1997922844162923,-2.514298264000992,59.714581
1746666301.7918577,2.2308597815901146,-2.521156663378054,28.161707
1746666301.8295443,2.244350725397856,-2.5229481847048976,9.937203
1746666301.8685918,2.2359092512156176,-2.530145286940712,48.984734
1746666301.8918111,2.234893393272575,-2.531168238777126,8.84384
1746666301.9229484,2.2191544589023238,-2.5345496797668474,39.981175
1746666301.9514942,2.203750216619238,-2.5403861400774552,68.526932
1746666301.9862318,2.2085950433129984,-2.5446668136341377,27.503404
1746666302.013684,2.206804194499614,-2.5527636340605167,54.95567
1746666302.0413916,2.1777101030586836,-2.570720807796813,20.549413
1746666302.0725534,2.172709753106621,-2.5772948234153614,51.71123
1746666302.1207523,2.1563110129142604,-2.569263988975093,38.743164
1746666302.1524398,2.1494386236452687,-2.5641361017952953,70.430669
1746666302.1845198,2.1462392488017366,-2.5597686544230145,6.567956
1746666302.2148263,2.1543248038086085,-2.5567805194776567,36.8745
1746666302.2558987,2.159095143792781,-2.552402248851009,11.439577
1746666302.3014576,2.167014353710125,-2.5552473799842073,56.998518
1746666302.3439155,2.16917456225191,-2.5700684811679975,34.883463
1746666302.381872,2.1752640053316252,-2.572620555466458,7.221588
1746666302.4095984,2.1781456006187168,-2.5954363707370987,34.948138
1746666302.4406044,2.179100255301994,-2.603776125592709,65.954331
1746666302.4745843,2.180168935256174,-2.6051494483919284,29.734517
1746666302.5041196,2.155181148621696,-2.5965332318257848,59.269761
1746666302.5310936,2.1409395142211163,-2.5918035430952546,22.255222
1746666302.562337,2.1344503125226186,-2.586051653215379,53.498642
1746666302.5945592,2.137230363285036,-2.5745851636460455,23.397836
1746666302.6271257,2.1564748297969243,-2.5680733224421384,55.964358
1746666302.662142,2.1543237735762144,-2.5679418682703554,19.803554
1746666302.6958284,2.182156413156402,-2.558249839606732,53.489937
1746666302.7340384,2.2021258254252993,-2.543528327342422,23.657527
1746666302.77011,2.2360828918728344,-2.52552508213365,59.729014
1746666302.8095598,2.2566976251021114,-2.516163034660208,27.816571
1746666302.8503194,2.2848041508944714,-2.49207451895753,17.149446
1746666302.888642,2.2941053198051575,-2.4597695522248255,55.472238
1746666302.9223366,2.302983439693582,-2.4462182947324984,21.935046
1746666302.9492278,2.3267923419087615,-2.4136709243310586,48.82639
1746666302.9833953,2.331426522861547,-2.4018439372715465,18.98646
1746666303.0074475,2.325349871735219,-2.367676849945204,43.038438
1746666303.0398774,2.3251213911880106,-2.3483883736629507,75.468314
1746666303.0724156,2.3314889410143627,-2.326284710450189,9.637413
1746666303.0970516,2.3640440500529145,-2.3167423521966968,34.273322
1746666303.1404996,2.381101683097607,-2.308075811622133,12.456297
1746666303.1690247,2.3714437958246912,-2.280954106270791,40.98135
1746666303.207723,2.352180931400442,-2.2691588720851787,14.376804
1746666303.326957,2.34447883849966,-2.2747878805605675,11.355413
1746666303.3401756,2.349577659929387,-2.2703507138687375,8.290629
1746666303.3466978,2.341246260668475,-2.2589834099098987,14.812824
1746666303.3617532,2.3335046581760133,-2.258744615721083,29.868059
1746666303.3933642,2.331322010808558,-2.2684371495171156,61.47908
1746666303.4244437,2.339600101630716,-2.260670190461229,26.348886
1746666303.4490514,2.3484639717418867,-2.253925696571514,50.956539
1746666303.4888074,2.352554470941703,-2.2500461152579265,33.237081
1746666303.521927,2.361467975197828,-2.2313611920197594,66.356814
1746666303.5446787,2.374051779808934,-2.203715774526415,17.556569
1746666303.5686092,2.378818471005119,-2.1872822795994273,41.487165
1746666303.5997584,2.3782420234418913,-2.1742232831390047,13.360275
1746666303.6269362,2.394863773765065,-2.1654752962831467,40.538
1746666303.6517255,2.400249849282364,-2.1614056814855607,65.327357
1746666303.681885,2.382423986800767,-2.1373485686087887,26.509309
1746666303.7092435,2.38957965993851,-2.1056690441964996,53.867747
1746666303.7356353,2.3929813526757364,-2.0953600179784333,13.483674
1746666303.782965,2.420099450486497,-2.059669061122484,60.813193
1746666303.8089929,2.439534711428565,-2.035213299023365,17.514839
1746666303.840472,2.43553634094438,-2.010165007329246,48.99411
1746666303.8709822,2.4331363677288147,-1.9761356319686334,21.414286
1746666303.9106798,2.427078457341484,-1.9538103397311883,61.111799
1746666303.9660408,2.4358620622340053,-1.879975678481415,19.002013
1746666304.0125813,2.4200678650201244,-1.8247792555981548,65.542664
1746666304.044072,2.403084104292238,-1.8049098196275357,22.165329
1746666304.0665739,2.3962719292229306,-1.7693379344185642,44.667155
1746666304.0908532,2.3959733164303145,-1.7602793692291632,12.564558
1746666304.126675,2.363882703170521,-1.7474999037876742,48.386241
1746666304.1507468,2.3611665947036093,-1.708617982754871,7.429917
1746666304.1817076,2.3586996125835493,-1.6669085683379703,38.390508
1746666304.2219708,2.3450934003129125,-1.6238619815875246,13.147754
1746666304.2456079,2.293527424700982,-1.5930076853496262,36.784704
1746666304.2744608,2.267255217603039,-1.5981265192898602,65.637804
1746666304.3023813,2.2624220376220174,-1.5624244742219386,21.62332
1746666304.3325603,2.245809428110647,-1.560589603203329,51.80221
1746666304.3649704,2.2470558019745455,-1.54571668795871,22.917877
1746666304.3938751,2.222480448546484,-1.5097108096179261,51.822435
1746666304.4294493,2.2070544275352675,-1.5030728551457895,24.354008
1746666304.46206,2.1748490797446896,-1.4633841601900592,56.96466
1746666304.4926853,2.1576665428914015,-1.4244106190463077,18.749009
1746666304.5210733,2.152072205076263,-1.4004303379704575,47.137031
1746666304.5469067,2.1461154181990247,-1.359134047633249,9.427387
1746666304.5749838,2.1368767177369135,-1.339908197698114,37.50445
1746666304.6035414,2.121851798467263,-1.3176624928757459,66.061984
1746666304.6282337,2.0929256155396874,-1.2971006677176555,20.065007
1746666304.6565056,2.088738544309205,-1.2841110288295872,48.337151
1746666304.6850283,2.0742340457693644,-1.25421306826017,76.859739
1746666304.7270212,2.0727352994550396,-1.2362885474823395,25.090171
1746666304.7514427,2.07321093837787,-1.1932399428860896,49.511671
1746666304.7772102,2.069772482578502,-1.18156181533635,11.521533
1746666304.8058374,2.09467946289829,-1.1587944074321854,40.148894
1746666304.8322873,2.1047056989391146,-1.1501766726987297,66.598809
1746666304.8639615,2.111299310986033,-1.1417338923875142,22.849937
1746666304.9016778,2.1175050785384975,-1.1034627724778108,60.566397
1746666304.9412434,2.1262353026179572,-1.0684661250218956,29.583374
1746666304.985764,2.1157626434045507,-1.0504159092107637,22.110191
1746666305.0083625,2.115041545849895,-1.0259074131370112,44.708725
1746666305.0434477,2.115686465096354,-1.0231865518744028,15.983183
1746666305.0689418,2.11000802473203,-0.988835798997717,41.477309
1746666305.0944648,2.1014387450024286,-0.9753164415651954,67.000204
1746666305.1199265,2.0916319881674776,-0.959305893842081,18.396705
1746666305.1471922,2.0773427632910435,-0.9293541476348557,45.66253
1746666305.1715887,2.073796539124176,-0.9135677445516133,12.840763
1746666305.2012372,2.0610936342350326,-0.8993827543094507,42.489452
1746666305.2243743,2.0443541448529334,-0.8593349126409467,65.626475
1746666305.2531412,2.0339206744895857,-0.8323017093247315,23.224676
1746666305.2889917,2.0204948329279557,-0.7974062809551296,59.075224
1746666305.3263648,1.982809939284528,-0.7695388256851446,32.285293
1746666305.3488288,1.952664526493913,-0.7350972072684244,54.749164
1746666305.3851638,1.905734296097009,-0.7000863825936419,29.214845
1746666305.4157848,1.8759013633217672,-0.6787665146475241,59.835835
1746666305.463003,1.849191007296529,-0.6835663077665456,41.808364
1746666305.4954548,1.815403079309641,-0.6473903920723102,9.339031
1746666305.5208917,1.7837667950124076,-0.6289832381152567,34.776002
1746666305.5438998,1.7616595551484289,-0.6233188917142338,57.784027
1746666305.5682204,1.75020051190336,-0.6122402896512917,15.510744
1746666305.5918,1.7582354977821706,-0.5943978861426982,39.090284
1746666305.6303551,1.7617836071600705,-0.5719790716862806,77.645408
1746666305.6567454,1.7521077534051046,-0.5460040456380408,6.787935
1746666305.6805847,1.68441431065324,-0.5089439651371119,30.627327
1746666305.7138128,1.6674272054734744,-0.4935576198322669,63.855288
1746666305.754213,1.6328538359800715,-0.44186469048393623,33.718128
1746666305.7915154,1.609822632715758,-0.40696795620881837,9.983509
1746666305.8195891,1.5790389628475097,-0.38175232556667577,38.05718
1746666305.8681622,1.5548255579677202,-0.35440648443382744,21.275016
1746666305.9093792,1.4936461958180423,-0.29006753313147954,62.491929
1746666305.9425683,1.429106569413347,-0.23892899909749535,26.875567
1746666305.9756927,1.3988602767221,-0.2163376610006562,60.000035
1746666306.0017552,1.3730603122167395,-0.17054335716308572,16.835767
1746666306.022523,1.3490130452186475,-0.14518087468063473,37.603463
1746666306.044938,1.34494345084605,-0.1390903052539331,60.018756
1746666306.0695221,1.3117348026676687,-0.11534032653513568,19.216391
1746666306.0924296,1.285221408476528,-0.07532036099342088,42.123803
1746666306.1185155,1.266048616987808,-0.02708992543629286,9.974133
1746666306.1405735,1.2403537080742166,-0.002169315078563684,32.032065
1746666306.1618755,1.2254363902479604,0.00836811124989139,53.333898
1746666306.1935542,1.2205650450951082,0.014437109273743146,13.733957
1746666306.2240002,1.1936972035625826,0.0638108957311356,44.179964
1746666306.2415187,1.1739482768077871,0.09351433428459803,61.698515
1746666306.2629926,1.1527942774160356,0.164752118435204,16.532841
1746666306.2856693,1.144699226423838,0.19379685234723676,39.209682
1746666306.3140807,1.1436079986733994,0.22443494106767942,67.621001
1746666306.334347,1.1379023082288606,0.2543511903184694,87.887201
1746666306.3610172,1.136749439864365,0.2737247008542921,16.633678
1746666306.3862097,1.1105120425495583,0.3442025705418976,41.826285
1746666306.4239922,1.1028421230658594,0.38710835782861935,18.159061
1746666306.4454224,1.089352427637904,0.4202583310448236,39.589412
1746666306.4783678,1.0881822768823313,0.46466804265140477,9.186991
1746666306.5075743,1.1077225361539282,0.515821725030954,38.393579
1746666306.531042,1.1151862191407564,0.5345147085841674,61.861242
1746666306.5610635,1.1048746167055432,0.5809684274753676,26.168622
1746666306.5866685,1.1032088801525395,0.6406138861114118,51.773505
1746666306.6156077,1.100414882475822,0.6539446406883843,14.955998
1746666306.6516056,1.1176629691839837,0.7089998413552931,50.953946
1746666306.6908014,1.1390398452349175,0.7465623455629401,25.629588
1746666306.7258143,1.1573332981349094,0.8047746715941835,60.642593
1746666306.7506013,1.1718267427737818,0.8272012823622458,18.249849
1746666306.8071904,1.1618541120518033,0.8507081764213995,9.794252
1746666306.8334951,1.1687089157699182,0.9169017058683959,36.099072
1746666306.8731337,1.1797419085737755,0.9580743506971066,8.692472
1746666306.9173727,1.1862338940394899,0.9891972085949853,52.931543
1746666306.9490392,1.1960670734608874,1.0160892812903928,21.58079
1746666306.9718802,1.209801009998724,1.0299984941682168,44.421736
1746666307.0050213,1.2256757293362417,1.0529227084236228,12.253344
1746666307.0338318,1.2434042451301193,1.096594280692174,41.063817
1746666307.069367,1.2547257729861514,1.1307592726544342,8.003224
1746666307.0947628,1.2694174902020325,1.151362812578364,33.399137
1746666307.1375186,1.2704674492963006,1.1774084390639952,12.222366
1746666307.1704462,1.2850874953178086,1.2009802403994876,45.149801
1746666307.2076106,1.315666397831498,1.2518931424277766,17.79802
1746666307.2443988,1.323914660919517,1.2733427197086247,54.586373
1746666307.2754104,1.3487772091477348,1.3046926289282015,85.597878
1746666307.3289032,1.359893030562301,1.3291066749128393,41.475901
1746666307.357872,1.3862415370670882,1.3604352424135635,70.44459
1746666307.3867166,1.424418446735058,1.3870208891273736,18.367135
1746666307.4248521,1.4429067157726017,1.3924760950286632,56.502783
1746666307.447651,1.4731104556503074,1.4236032874647395,15.979214
1746666307.4837399,1.4893663575298683,1.4381998325718433,52.06811
1746666307.5139954,1.5316935117583084,1.4624955271915423,26.472156
1746666307.5430207,1.5630974318404331,1.4806369226211693,55.497423
1746666307.5665224,1.5870711747309973,1.4949727418900998,16.743475
1746666307.5941644,1.599110303219578,1.5088648592080451,44.385509
1746666307.6267984,1.605465132620717,1.5161143328040176,11.380727
1746666307.6488163,1.6226730016233453,1.5319937581864154,33.398657
1746666307.6847024,1.607268115174198,1.5216934136214142,69.284695
1746666307.7092745,1.6421909658259113,1.5465179766284636,18.64126
1746666307.7361054,1.6540370679854417,1.5592462188544483,45.472216
1746666307.7766445,1.6813982481039675,1.5708620083729752,30.14292
1746666307.8117173,1.7325654027113055,1.5831412523110262,65.215544
1746666307.854739,1.7485924842796172,1.6019616633680425,37.044428
1746666307.8913765,1.7876716914324149,1.6343764955164153,13.200685
1746666307.9278984,1.8386384161546252,1.6389996151670947,49.722625
1746666307.964999,1.8757867092273723,1.6419477807831278,21.108
1746666307.9926808,1.8897569128618246,1.638972226823217,48.789748
1746666308.0267122,1.8910041434847442,1.6435502771244908,18.337821
1746666308.0544097,1.9463250838473334,1.651433412803764,46.035347
1746666308.0880709,1.9925949081450425,1.6547025714712604,14.493961
1746666308.140474,2.0376399783834303,1.650500207803056,66.897287
1746666308.1691632,2.0982388422387874,1.6592759845324023,23.097149
1746666308.2132194,2.133507130695945,1.6495524888174982,67.153331
1746666308.2658336,2.150453173951661,1.6415278262856865,14.296767
1746666308.3675961,2.199141073888479,1.6338633325958103,5.790705
1746666308.3858712,2.258989682894671,1.6162604582858766,8.693048
1746666308.3952622,2.305427789178739,1.6063393654504152,18.084209
1746666308.404222,2.3327864929047752,1.5999008872778748,27.043958
1746666308.4276612,2.371209660542997,1.5662750029563486,50.483044
1746666308.456286,2.3977387813499518,1.551570954913305,19.716959
1746666308.495487,2.44690787042291,1.5327501458595196,58.91784
1746666308.5286853,2.4979517120914663,1.5032094702223515,25.849598
1746666308.563569,2.5135861899617034,1.4842883779738192,60.733381
1746666308.591514,2.527707563705303,1.453442676164114,22.024907
1746666308.6256578,2.54633421137372,1.4396409648233255,56.168527
1746666308.6618235,2.5873484947033987,1.4040790141489639,31.299679
1746666308.6934612,2.635091862556473,1.3701121177651394,62.937421
1746666308.7360935,2.6961178430579693,1.3245724085616437,34.293707
1746666308.7761083,2.7543982593074263,1.2894042026340844,14.488617
1746666308.8197258,2.843305804229731,1.2381010786150928,58.105963
1746666308.9063861,2.9581437322064414,1.187628790325307,10.302308
1746666308.9402335,3.0791132168400956,1.139008161699843,44.149627
1746666308.9667633,3.161527759685761,1.1106002227963045,8.594964
1746666308.988898,3.222599050644613,1.1100077132233241,30.7297
1746666309.0191717,3.284866433447201,1.1081613042709986,61.00325
1746666309.0507903,3.353290777349549,1.0854642332292372,21.894181
1746666309.0815475,3.4089747648540896,1.070726615121131,52.651402
1746666309.1145554,3.4672747769877974,1.0606351955813271,25.477997
1746666309.1448991,3.5907773768825937,1.0390402225971735,55.821567
1746666309.16914,3.678506213661918,1.0229244346909758,14.397093
1746666309.2070782,3.7541133937483098,1.016955901380312,52.335163
1746666309.2350726,3.814868096006533,1.008816412927225,14.804887
1746666309.2648017,3.8996032297559045,1.0040683627473064,44.533804
1746666309.2886212,3.9894179702871755,0.9953430957980468,68.353451
1746666309.322293,4.022503090202978,0.9901384850197744,29.098039
1746666309.3474438,4.112339951005834,0.9761778441845589,54.248885
1746666309.3752952,4.138646037171416,0.9637603161156222,23.122943
1746666309.4078686,4.235639320829834,0.9522953593242575,55.696313
1746666309.4425843,4.300528225841091,0.9374148745552072,90.412088
1746666309.4729965,4.362838192668877,0.9189197823537081,23.345513
1746666309.5289237,4.435737397225583,0.8966669182809244,13.609632
1746666309.5619376,4.570462292892481,0.8485682202433469,46.623343
1746666309.5873926,4.616751996851705,0.8255560812761132,6.775326
1746666309.6133206,4.660585824036421,0.8044940978579415,32.703488
1746666309.6423345,4.690514111067175,0.7834566222797832,61.717267
1746666309.6692374,4.773051154630789,0.7387566630940686,22.384411
1746666309.6985745,4.754288940838523,0.7213648683899628,51.72163
1746666309.7260766,4.815451078839207,0.6906674576350067,14.413445
1746666309.7525103,4.845858608821997,0.6647788633768478,40.847135
1746666309.7893503,4.942907096317523,0.6205233178939448,10.289796
1746666309.8336544,4.9950883862601625,0.5799030446292737,54.593893
1746666309.871561,5.093848628092307,0.5057103360565559,28.767431
1746666309.9027896,5.0982797054490465,0.46457803755380384,59.995779
1746666309.9365647,5.1482024929124295,0.3993519213188382,27.19363
1746666309.981288,5.162040439089716,0.33007481373542613,71.917011
1746666310.0144641,5.189297712627211,0.2522272640008609,26.790443
1746666310.0483408,5.192870490218331,0.2095946896207144,9.002951
1746666310.080156,5.2110967682416796,0.1344242474239263,40.818206
1746666310.112635,5.251401356127129,0.05408323087231766,73.297076
1746666310.1484451,5.254097182586027,0.025812145016817244,10.833949
1746666310.1921282,5.281574512598805,-0.052484047469866506,54.516993
1746666310.237351,5.304802636107335,-0.14065163808597214,34.818276
1746666310.2810423,5.367207453073945,-0.27163291134606216,12.519821
1746666310.3120155,5.403802807033418,-0.3486024964442963,43.493116
1746666310.3444378,5.420568667464692,-0.38704763734126985,9.343511
1746666310.3822856,5.466204565176988,-0.4714511650438046,47.191338
1746666310.423099,5.5067667947580645,-0.5552313927408499,21.079134
1746666310.4485214,5.542385194306795,-0.6264786908819342,46.501385
1746666310.4797802,5.549444781222089,-0.6523700520104418,14.407077
1746666310.512554,5.577846551837215,-0.7374432026231128,47.180873
1746666310.550422,5.60323456788841,-0.7760145997973602,20.081743
1746666310.5852218,5.654985902557494,-0.9132004221308693,54.881458
1746666310.6110187,5.704008279672979,-0.9558372842885065,14.726003
1746666310.6450348,5.736686588575609,-1.033816078908489,48.742194
1746666310.6745024,5.718165109895701,-1.06849737767162,13.050565
1746666310.7133312,5.730408378785264,-1.1607629414352612,51.87943
1746666310.7628894,5.781344799291198,-1.2554037251540457,35.696877
1746666310.8035803,5.811973809116826,-1.3515809663639673,11.063688
1746666310.8299081,5.869351384590226,-1.4519952527121187,37.391485
1746666310.871052,5.88812910451869,-1.5004882420441077,10.804444
1746666310.9160633,5.928595869102567,-1.606812024182505,55.815743
1746666310.9484775,5.954645368482582,-1.7030935518259076,21.625272
1746666310.9816856,5.965067363680067,-1.8017347663387784,54.833552
1746666311.003857,5.962897405942599,-1.8954058037480284,77.004834
1746666311.0288708,5.949400244897165,-1.9456739639815595,7.338617
1746666311.0548594,5.913265798394555,-1.9933701934693555,33.327326
1746666311.0850422,5.8920692264389105,-2.101400344714984,63.510088
1746666311.1111066,5.876861366115538,-2.153362067779249,18.878615
1746666311.1421895,5.866577371686679,-2.214039333715255,49.961483
1746666311.1730027,5.839666578042599,-2.3189826697327867,20.536197
1746666311.2208464,5.829623399765576,-2.415274217219602,68.379757
1746666311.2533526,5.828293413691707,-2.534079103519633,26.612706
1746666311.2839618,5.813910386589974,-2.635443699124477,57.22192
1746666311.3224916,5.811276354308248,-2.6908706752335356,29.845563
1746666311.3476472,5.791912190162798,-2.8029792719145736,55.001272
1746666311.3893688,5.770602080474682,-2.859066602087496,34.297964
1746666311.4199212,5.732090208317662,-2.964866051158256,64.850311
1746666311.4497623,5.709027176722595,-3.0604873029305346,22.778734
1746666311.4817107,5.693724324272934,-3.1222588836008787,54.727115
1746666311.50658,5.661005263240602,-3.2208506232226783,20.769552
1746666311.5436964,5.640532745270048,-3.2670173195694328,57.885632
1746666311.571108,5.620042456141941,-3.3415829541056077,23.043323
1746666311.6008058,5.59779137959806,-3.396358232306583,52.741038
1746666311.633733,5.557213351229103,-3.50236240435818,20.145266
1746666311.6676188,5.5295009316337,-3.547607056643887,54.031146
1746666311.6942832,5.48990840188857,-3.6299820281787314,14.559212
1746666311.72764,5.472677299268464,-3.689989131438762,47.915947
1746666311.760498,5.475447776959558,-3.7104787085528432,80.773875
1746666311.7898903,5.424850215186728,-3.8583065069976055,15.057635
1746666311.8274019,5.39351123061129,-3.8611367734434467,52.569189
1746666311.8679135,5.321619497550578,-3.942600650333277,26.883919
1746666311.9021826,5.25003543968242,-4.0270460795296925,61.152921
1746666311.9344316,5.199879311457414,-4.1196318031083035,28.295089
1746666311.9679523,5.146592682750668,-4.213390084177413,61.815928
1746666312.0026555,5.135054292872036,-4.254884920903534,29.700852
1746666312.040917,5.095232419479831,-4.324992388671993,67.962233
1746666312.0753665,5.046384105623113,-4.382637769700488,30.570716
1746666312.1191204,4.992641618160026,-4.441721908728742,16.611661
1746666312.1515408,4.920761061719548,-4.477921022560107,49.032128
1746666312.1961727,4.863218304720314,-4.504156372071343,28.249743
1746666312.2347488,4.79607970203046,-4.514624168411322,66.825827
1746666312.2654328,4.712665808546428,-4.533362697909976,22.552964
1746666312.2969325,4.627108906426768,-4.538495577847706,54.05262
1746666312.32929,4.562844833178298,-4.549771128591378,24.2717
1746666312.3623817,4.536465106420732,-4.543195543199671,57.363623
1746666312.388917,4.484035620836276,-4.545773716043649,23.034746
1746666312.4211411,4.424790975688555,-4.543650285102927,55.258852
1746666312.4479556,4.332257593337769,-4.542378591542432,18.255002
1746666312.4780817,4.289295100921556,-4.539901646733586,48.381057
1746666312.5049975,4.206054313211502,-4.546355907674991,9.543584
1746666312.5441198,4.148231185997994,-4.5540136459933285,48.66587
1746666312.5720785,4.057179507030244,-4.5700748603074315,76.62456
1746666312.606644,4.02015948334127,-4.579394146513945,12.970402
1746666312.6437564,3.9628519531620485,-4.579160650625836,50.083089
1746666312.685661,3.967778423804004,-4.577026063040443,25.761626
1746666312.7142034,3.892721248939166,-4.578340028227339,54.304023
1746666312.7362175,3.8234816459315994,-4.598115516870399,10.296196
1746666312.7694914,3.755080474632419,-4.629389754047127,43.570079
1746666312.807138,3.7442844733190768,-4.63869989876186,16.0869
1746666312.8429723,3.6935976764324283,-4.676450051044739,51.921127
1746666312.9059694,3.633324235601374,-4.708989738848,49.575257
1746666312.9432914,3.561252878624163,-4.762931316885528,21.872004
1746666312.9785209,3.4791955788178015,-4.800512627364734,57.101499
1746666313.0129101,3.4138195084633574,-4.822240089723954,26.25637
1746666313.048795,3.332823079545836,-4.8655112132513505,62.141192
1746666313.0840235,3.279303316267465,-4.886100250306181,30.428566
1746666313.1268435,3.2041778008538113,-4.9039874192269615,5.696364
1746666313.1656063,3.1194451740777818,-4.921177261818151,44.459081
1746666313.1943636,3.044529906601178,-4.923322591228982,10.952642
1746666313.2296093,2.97840114674179,-4.920939027456702,46.198458
1746666313.2657497,2.9768711361789633,-4.905631052182495,16.83007
1746666313.2983484,2.8800909938978827,-4.9147787546836,49.428818
1746666313.4214265,2.789988836161601,-4.896913511900024,6.373036
1746666313.429543,2.7665783005166795,-4.89771395648479,4.850372
1746666313.4381099,2.7220163135570226,-4.8802591590983955,13.417335
1746666313.4442666,2.6476664686111935,-4.852921933263159,19.573912
1746666313.464108,2.6088582559469393,-4.8352899234193005,39.415452
1746666313.4954457,2.53698930799189,-4.799819001779382,15.964655
1746666313.527651,2.448974499490148,-4.728357330076327,48.169976
1746666313.5540273,2.426244777011187,-4.689108422874517,10.011638
1746666313.6029243,2.331900607491782,-4.64365235358477,58.908655
1746666313.6355968,2.2235867023764126,-4.600809872636107,24.743562
1746666313.6687315,2.1727108388263323,-4.563479336295639,57.878047
1746666313.711041,2.0384165616516188,-4.463936079652674,36.69094
1746666313.743674,1.9602082766848645,-4.430169443675159,69.324057
1746666313.774311,1.9040283096742812,-4.376438413787114,26.60029
1746666313.8157167,1.8405599110467352,-4.328859664993359,9.593666
1746666313.8502805,1.7779898857886938,-4.297814324206931,44.15737
1746666313.8857963,1.6830860946190025,-4.247815752530165,13.690083
1746666313.9144247,1.6171386181042902,-4.189524673817347,42.31834
1746666313.9557693,1.5640372846456077,-4.152357384795146,17.53628
1746666313.9809856,1.4683543615417316,-4.1035619637620435,42.752664
1746666314.0071042,1.3820651061875233,-4.064618996528517,5.204405
1746666314.035694,1.3262031048839615,-4.043862506927851,33.794068
1746666314.0655887,1.2378550726545756,-3.9941955748550746,63.688848
1746666314.114338,1.1856584038349154,-3.9655353029813987,44.880765
1746666314.136276,1.114876877066463,-3.911319286763926,66.818788
1746666314.1723275,1.0554696651525919,-3.8597934542605743,5.791024
1746666314.2050188,1.1201506082387032,-3.8375904191432686,38.482256
1746666314.2413595,1.122819537359519,-3.822534960486814,9.381721
1746666314.2906606,1.098843922320396,-3.7661335445459914,58.683045
1746666314.3341625,1.0744916543058316,-3.7146377485372883,35.083152
1746666314.3628743,1.0613485443383524,-3.664220694144325,63.794773
1746666314.3899152,1.0157455159616222,-3.612360056026166,22.970264
1746666314.4196308,0.9884732158194223,-3.586862814037915,52.685644
1746666314.448349,0.9578309021185445,-3.545681177339247,20.461057
1746666314.4800057,0.9565789823820683,-3.508221569377722,52.11784
1746666314.508703,0.9484305100996889,-3.454400659266884,15.401044
1746666314.5453384,0.9672925438359417,-3.4229252477615457,52.036269
1746666314.574827,0.9593669786102613,-3.368683929366128,15.032739
1746666314.6279306,0.9767109812988938,-3.33275225648033,68.13661
1746666314.6743324,0.9811498766638068,-3.2322818603061356,38.38798
1746666314.7095046,1.0169952456893494,-3.197202679177877,19.779969
1746666314.747735,1.0367648351605625,-3.1376352803966703,58.010438
1746666314.793067,1.0450583142490535,-3.089938105546932,37.743437
1746666314.8249993,1.057201978856558,-3.034997757385749,69.675786
1746666314.869542,1.064647848477866,-2.979165176949784,11.384951
1746666314.8924189,1.0751982268862472,-2.943186273797947,34.262025
1746666314.9211075,1.0767518076685187,-2.928434309941901,62.950509
1746666314.948353,1.1177311153715996,-2.882514502213659,23.062972
1746666314.9845736,1.135490700241613,-2.8567180068343574,59.283361
1746666315.0121756,1.1775930430838457,-2.825488864354475,23.741915
1746666315.04016,1.1938176156734723,-2.8092862083866788,51.726398
1746666315.0695424,1.2193459000338434,-2.777278647159703,18.201688
1746666315.0937655,1.2356724364047311,-2.7687250167127426,42.42481
1746666315.1443868,1.2376037497343029,-2.760927194442354,19.096769
1746666315.1704707,1.2814288621548082,-2.7063055852775517,45.180523
1746666315.224974,1.3240761797244285,-2.6708526465914812,38.999784
1746666315.2671943,1.3423630588479238,-2.640496561582628,20.309594
1746666315.3046281,1.370630764377888,-2.599429991092883,57.743545
1746666315.3414884,1.3981695456687344,-2.5649605894965135,28.441561
1746666315.3642638,1.4450037094804804,-2.546504023310375,51.216967
1746666315.391466,1.4730037587763856,-2.5506608958859984,10.782715
1746666315.409308,1.4873614068643601,-2.5403651063531134,28.624705
1746666315.4326572,1.5101773913584757,-2.521772250734373,51.974218
1746666315.4549494,1.5427790923551576,-2.4938667318124605,11.806283
1746666315.4842148,1.5687720913311145,-2.4771416165920406,41.07185
1746666315.513374,1.5878762721016768,-2.461815024350925,70.231108
1746666315.5362697,1.62701484041357,-2.4679542357274737,14.302208
1746666315.5603657,1.665088250747538,-2.493564041193427,38.398125
1746666315.5897005,1.7086604212627254,-2.484381728663873,15.529786
1746666315.618857,1.7357629729138289,-2.4961872518551926,44.68626
1746666315.64618,1.7998032005411535,-2.4889606064657777,72.009432
1746666315.6679745,1.857581046699584,-2.4786845043611323,14.179643
1746666315.699529,2.009213979377455,-2.4179917661327894,45.734149
1746666315.7238119,2.0985877867220664,-2.3887669104663587,16.283965
1746666315.7491126,2.159005212278306,-2.343888187662469,41.58461
1746666315.7730243,2.1902923309716416,-2.3181925909823504,65.496325
1746666315.8005028,2.208118943946041,-2.303599330576959,23.524113
1746666315.8246198,2.2480095981695354,-2.2491768274607806,47.641214
1746666315.8735578,2.270299583914163,-2.241050879075447,37.166419
1746666315.9165332,2.2968555017326295,-2.160377997312359,14.647152
1746666315.9533741,2.286496270264407,-2.1135844050576225,51.488179
1746666315.9827278,2.2668481430409586,-2.0985877363607255,15.299183
1746666316.0050006,2.2360743994601475,-2.043949674076091,37.571973
1746666316.0289385,2.2244171950755187,-2.021896421909183,61.509834
1746666316.0536532,2.2206305232914874,-2.00143776095526,86.224531
1746666316.0820234,2.2268272335285206,-1.9846077052961486,16.488262
1746666316.1067708,2.2092050539795216,-1.9358978298579463,41.235697
1746666316.143499,2.1940856042101013,-1.9116140197485776,11.521278
1746666316.1835182,2.1882091316558916,-1.8529031110465088,51.540374
1746666316.212358,2.185977700527223,-1.7966832280514915,15.646559
1746666316.2423074,2.1675455040972875,-1.772949883948257,45.596062
1746666316.2721906,2.161610982654883,-1.7333819780212727,7.470271
1746666316.290859,2.1341835539024268,-1.6913733502111745,26.138828
1746666316.3194854,2.1175316433098685,-1.664151451037751,54.765165
1746666316.3438551,2.1003415190240586,-1.6181740522829395,16.395234
1746666316.370494,2.085421671611358,-1.593532808092554,43.03415
1746666316.401287,2.082252268296809,-1.5730406594920396,8.190305
1746666316.4268332,2.074120921567108,-1.5295810433964965,33.736497
1746666316.462556,2.0693886937443557,-1.5225983782587091,69.459199
1746666316.4896886,2.0703802823873865,-1.482981883440395,19.867269
1746666316.5147257,2.093336091440696,-1.4518106235747383,44.904382
1746666316.5422285,2.096915602496221,-1.424442186145897,17.320686
1746666316.5681732,2.088830075257413,-1.3890572800693335,43.265329
1746666316.5966628,2.087756887915167,-1.370146169764042,7.134287
1746666316.6223419,2.0662592831916,-1.342614656084515,32.813574
1746666316.6484106,2.0506188042886486,-1.3318029967849605,58.882127
1746666316.6750503,2.0380875235100047,-1.3220664509884874,19.639866
1746666316.7020862,2.0312972331287074,-1.317299885594266,46.675761
1746666316.7402692,2.0260779532794024,-1.2862446337744726,19.630587
1746666316.7683668,2.0082645597895272,-1.2511891197432388,47.728131
1746666316.7995756,2.003980707943643,-1.2320325173889128,78.936925
1746666316.8321688,2.008995501270835,-1.2163770556613942,13.142249
1746666316.8664174,2.022385343919586,-1.2096049494159502,47.390771
1746666316.8935857,2.022647765018857,-1.1990808773977564,9.139885
1746666316.9285872,2.0217093788003093,-1.1886361569355548,44.141402
1746666316.9595475,2.0153356630942993,-1.1727554641774305,9.669318
1746666316.9882996,2.031538606244455,-1.1580563162714874,38.421421
1746666317.0151,2.035808361265091,-1.126488023016803,65.22188
1746666317.053845,2.033500983159291,-1.1209946931042227,27.986211
1746666317.0831504,2.0406878452305053,-1.1005195148717546,57.291652
1746666317.1104717,2.0329665544701663,-1.0780420334322327,22.464671
1746666317.1483579,2.017712921351544,-1.0489488206688304,60.350899
1746666317.184272,2.00208020927824,-1.0115833452279752,30.449975
1746666317.2254128,1.9962003034577813,-0.9959732275837164,12.544974
1746666317.250024,1.9828598331947203,-0.9664034231759454,37.15637
1746666317.2753615,1.9647931064465152,-0.948248967339323,62.493753
1746666317.3030274,1.9524373095581047,-0.9215787223282949,21.355052
1746666317.3294291,1.9443538159235207,-0.9030333930152149,47.756772
1746666317.365134,1.941170214648768,-0.8971423656356128,21.508371
1746666317.3884187,1.9023045485334926,-0.8585042866353689,44.792825
1746666317.4157128,1.8896069943995408,-0.8488564561940593,5.773423
1746666317.447671,1.8627311509312314,-0.81081952613316,37.7315
1746666317.4909692,1.8375322272190437,-0.7866600368158297,16.947388
1746666317.5245235,1.8109057023593491,-0.7428522178060376,50.501572
1746666317.5510652,1.7980201947796157,-0.7284056974715802,9.801836
1746666317.5793736,1.7891033243854972,-0.7061435554231779,38.110238
1746666317.6055675,1.7737374123585732,-0.672189970668778,64.303981
1746666317.645126,1.7479836208142465,-0.6489421429052983,35.274682
1746666317.672303,1.7253656024868371,-0.6287569430903618,62.451607
1746666317.7049017,1.7059546810711514,-0.6078255501506882,95.050386
1746666317.731824,1.727985550215518,-0.6006355800663195,20.233622
1746666317.7621045,1.7300259635504904,-0.5963401337195441,50.514277
1746666317.7857327,1.7051274823000353,-0.5541558122767866,15.93086
1746666317.8121939,1.668446504934645,-0.5317407998785451,42.392103
1746666317.8460248,1.6342925639772194,-0.5051640640466151,11.516221
1746666317.8666334,1.6012905147967296,-0.47454274874158053,32.125093
1746666317.8939075,1.5916347542001146,-0.4712346115475361,59.399239
1746666317.9240804,1.595347396636129,-0.47117555806187333,22.228468
1746666317.9680102,1.5719929871536795,-0.41351812292664414,66.158436
1746666317.9924312,1.5430569578214564,-0.36940247630716916,17.678751
1746666318.0147953,1.4962351843300856,-0.33939947346623167,40.043066
1746666318.0450914,1.4653663128033017,-0.3211628837546204,13.390293
1746666318.0660422,1.440164479606235,-0.2769206893695956,34.341165
1746666318.0980597,1.4323177015464965,-0.26234325421506655,66.358414
1746666318.1283214,1.3774307631022629,-0.19999175999824817,23.221635
1746666318.1562207,1.3445351033870292,-0.16745979153630525,51.120994
1746666318.1931214,1.3079774346691255,-0.10966526702128,28.335795
1746666318.2175846,1.2952724325952651,-0.07198751071520465,52.79896
1746666318.2505548,1.294581443651791,-0.04969088953456607,22.8941
1746666318.286993,1.2553672051002474,0.0029513736505182445,59.332324
1746666318.3064885,1.2443935215739246,0.02368985217688946,13.779912
1746666318.459883,1.2181167237415798,0.057286500863014005,6.007131
1746666318.4679794,1.1773555838902392,0.09833041746146672,4.696701
1746666318.4739513,1.1515184594263466,0.13554207785840441,10.668694
1746666318.4793894,1.1414173626667743,0.19697413122253063,16.106677
1746666318.4865692,1.139338436942742,0.22113519993552,23.286503
1746666318.4926832,1.1234928119088612,0.2692810032266022,29.40039
1746666318.5039368,1.1422983603985497,0.32766721844708313,40.653943
1746666318.546179,1.1475167263061505,0.3562224603084658,24.214833
1746666318.5755155,1.1555785175106617,0.41549572241973876,53.551188
1746666318.6085339,1.1612797016003924,0.46691317226752704,20.906742
1746666318.646596,1.1394090590688701,0.494814793823416,58.968818
1746666318.6832795,1.1320136789856206,0.5215353729509203,27.837468
1746666318.711331,1.1230136777104833,0.5720771006978804,55.888898
1746666318.7367806,1.1218817352381212,0.5896619267764995,16.156376
1746666318.7654426,1.1280512765788737,0.6580091260769635,44.818266
1746666318.7925887,1.1326613252905637,0.693831810426234,8.618325
1746666318.8244479,1.1384881445722497,0.7252633425658775,40.477678
1746666318.8621879,1.1442670134899182,0.7746960544743494,11.061992
1746666318.8868282,1.1379495666350223,0.8184906022816757,35.702253
1746666318.9208004,1.1478379291428347,0.8376380448004551,69.674506
1746666318.9499,1.1598541069300417,0.8830261486291073,25.693815
1746666318.982343,1.163154142051019,0.903843929768864,58.136939
1746666319.0096633,1.1749837782442185,0.9426734183883091,23.976935
1746666319.055548,1.1619421248926192,0.9611705076647302,69.861491
1746666319.0773652,1.1703600552631839,0.997275089140607,15.343857
1746666319.110686,1.1790000062452275,1.0324707698641755,48.664942
1746666319.152295,1.181595896178063,1.0583885903383967,38.34977
1746666319.2131,1.1950829272905998,1.0852131166636538,32.639421
1746666319.2453282,1.2292278775136831,1.1312038210106135,64.867687
1746666319.275817,1.2352612118904842,1.1509030803603488,26.807788
1746666319.3092628,1.249238639866823,1.1673912958438062,60.253615
1746666319.3425808,1.2666656333791864,1.1974331712154431,27.408936
1746666319.382054,1.2924878184835462,1.226555826648035,66.88215
1746666319.4164865,1.307935333967497,1.2372303779322094,5.053325
1746666319.4616783,1.3249394354472201,1.2723717820711042,50.244984
1746666319.4936945,1.350880118216205,1.2986093121833224,21.485682
1746666319.5290353,1.364749007513677,1.3044838661283569,56.826382
1746666319.5748553,1.377229401165459,1.3282943702890155,34.783778
1746666319.6176744,1.4055550773660532,1.3660853005796683,14.794743
1746666319.648574,1.4289461449874645,1.3896008775501507,45.694531
1746666319.686479,1.434131464328405,1.3961078108364218,18.064657
1746666319.7237887,1.4665032410493966,1.419323871256989,55.374346
1746666319.7528903,1.490816716873913,1.4464610928380741,18.130996
1746666319.7861702,1.5199840576116972,1.4694592867871266,51.410864
1746666319.825233,1.528965212514269,1.4712439150521848,21.808865
1746666319.852885,1.588261998166089,1.498276734589706,49.460884
1746666319.88073,1.6165586001769594,1.5039423362752313,15.480087
1746666319.9146981,1.6446868580726193,1.5234123395313426,49.448339
1746666319.9433744,1.6649517239570442,1.5408485571721302,11.654628
1746666319.9729145,1.69586328933899,1.5437585071802582,41.194704
1746666320.0079846,1.7079872163403236,1.5380220692395592,10.353702
1746666320.0345383,1.7241211891772494,1.5504332766035227,36.907302
1746666320.0610425,1.7287865655007957,1.5498132810581506,63.411619
1746666320.096095,1.7709757031458822,1.5610789587115037,28.555293
1746666320.1249707,1.7886550907218275,1.5637834062710356,57.430954
1746666320.1494975,1.82111081349748,1.5757830431920894,20.353788
1746666320.1824017,1.8580147432022085,1.5814413237314122,53.258022
1746666320.2251275,1.8794852531901312,1.5819700166257527,29.975233
1746666320.2447474,1.9391175577894508,1.6009905108848672,49.595163
1746666320.27002,1.9490162571030496,1.6063325474453782,9.256851
1746666320.304181,1.9779365733021157,1.5990691620689599,43.418104
1746666320.3301282,2.018682773721563,1.5975671608526711,6.108959
1746666320.3550951,2.039486768428379,1.5962329179616168,31.076084
1746666320.383191,2.053686772499748,1.5949891731291042,59.1719
1746666320.4101486,2.0801207032087925,1.5923140285429491,21.119104
1746666320.4417827,2.1058830888860944,1.5900366858759103,52.753038
1746666320.472303,2.157270333094934,1.5854456214129224,14.329441
1746666320.5338354,2.197380069656563,1.5834721247326322,75.86206
1746666320.5660524,2.2501953466331486,1.581239425055126,12.546798
1746666320.5928757,2.271092482648,1.5623340087471103,39.370106
1746666320.6324184,2.27644836687389,1.5549573134976389,13.33157
1746666320.6723714,2.347988397657321,1.5376522128805576,53.284743
1746666320.709362,2.4178603467036353,1.5082601801227844,25.516719
1746666320.7460644,2.466845619957715,1.4918882674828629,62.219084
1746666320.7818313,2.492740463492265,1.4609703569041288,31.946397
1746666320.8132172,2.496344526687873,1.4434786656807244,63.33232
1746666320.840702,2.524522342996561,1.426386676419148,18.696014
1746666320.8822675,2.569789909243293,1.4024413936435034,60.261583
1746666320.9124568,2.6252775710558742,1.364413168683863,24.372281
1746666320.9373164,2.6671696755940424,1.3332254445300735,49.231849
1746666320.9705386,2.7371250063971293,1.304225638571671,24.70052
1746666321.0051804,2.766229753607465,1.258134764899006,59.342404
1746666321.0301776,2.7972955715753143,1.2337934955063463,16.034833
1746666321.0681798,2.8685456125262525,1.2067536356922188,54.037163
1746666321.097056,2.954545245766038,1.1787856820285025,19.359406
1746666321.127065,3.0358824690803883,1.1552364131187514,49.36856
1746666321.1610703,3.084142258682279,1.1410949316372188,18.461155
1746666321.2020144,3.1918590318282085,1.1155590657405605,59.405223
1746666321.2282522,3.2442246603240923,1.1045863902043116,18.263194
1746666321.2571647,3.3349333613801195,1.077553560626739,47.175624
1746666321.2840164,3.3816083041603244,1.0703060999746654,10.531759
1746666321.3094442,3.490607529155426,1.0499345085076162,35.959514
1746666321.335187,3.552231452258721,1.0385190793597394,61.702291
1746666321.3651977,3.6087984613830275,1.036460276691668,20.839955
1746666321.3894637,3.676357362408619,1.0286785149845001,45.106151
1746666321.4144065,3.7265635015892014,1.0154942601210502,9.621988
1746666321.4416447,3.7889824146806794,1.011622457668649,36.860196
1746666321.4829404,3.84839348965129,1.0024024825991356,12.767704
1746666321.5105588,3.9276691179072514,0.994851272816856,40.38593
1746666321.5469449,3.9793234879489114,0.9900974383519622,10.9849
1746666321.5678592,4.056863955745134,0.9763681941952401,31.899163
1746666321.6020198,4.123887500694104,0.9626545311334752,66.059808
1746666321.629443,4.175184583421515,0.962846197411807,22.848626
1746666321.6688938,4.260058960574803,0.9440677983789322,62.299567
1746666321.7125504,4.287234935005977,0.9298686687469639,10.579729
1746666321.7345653,4.358305536704938,0.9023516195031954,32.59462
1746666321.7631247,4.398955644919923,0.87294455333539,61.154138
1746666321.8018007,4.483560273563608,0.8370325039702993,32.736674
1746666321.8282175,4.566585021423602,0.807571290303246,59.153435
1746666321.862807,4.605527444392066,0.785948635586258,26.370391
1746666321.8898358,4.671095509679607,0.7519826934696778,53.399277
1746666321.923552,4.7285277814955,0.7173817821949373,26.447578
1746666321.9645607,4.774040919984003,0.6885308948602693,67.456161
1746666321.9972186,4.820601015148914,0.6263961045058182,27.007669
1746666322.0241053,4.8557669120575495,0.5710041212411953,53.894437
1746666322.0498095,4.836436089948173,0.552209893511233,20.631529
1746666322.0811715,4.828563992586737,0.5283998880208305,51.993611
1746666322.1138847,4.852047348783206,0.5077988706056985,21.660058
1746666322.1451085,4.904310200250056,0.43860932468080605,52.883829
1746666322.181236,4.980287311841163,0.3727923661744204,22.167313
1746666322.214357,4.998527691739187,0.29393730868585444,55.288197
1746666322.246392,5.061285649334499,0.22514598354591303,21.379853
1746666322.285666,5.074565815649724,0.1862777639302051,60.653698
1746666322.3071184,5.1390492105530985,0.10971800772143386,16.33856
1746666322.340825,5.095932377020641,0.08325031695691096,50.045423
1746666322.3682766,5.143608417934696,0.009321454616225508,13.951599
1746666322.4030933,5.147045302784365,-0.029674544915364195,48.768339
1746666322.4424822,5.210616345903256,-0.09781750327475056,88.157294
1746666322.4770339,5.256185057706318,-0.15456656416886483,24.392442
1746666322.5103042,5.313718269717584,-0.24739797419664605,57.662805
1746666322.554193,5.3535716555465855,-0.28214592313757064,33.344702
1746666322.6045957,5.445327257452316,-0.39724894531997745,20.909399
1746666322.6488683,5.495468759048948,-0.4750463263450723,65.181943
1746666322.683558,5.533342297950599,-0.5549633530485039,22.560836
1746666322.7383401,5.594079764018886,-0.6608260404080957,23.759773
1746666322.7667363,5.644780210418398,-0.7442670770663388,52.155699
1746666322.8057654,5.648681385353934,-0.7772260907150804,24.341047
1746666322.8532195,5.694082135326439,-0.870755624493781,7.14616
1746666322.8922083,5.7662539898028395,-0.9854751840438961,46.134968
1746666322.923545,5.7915549464503115,-1.0750914789063224,12.406727
1746666322.9488375,5.8646338553147785,-1.1432225301377192,37.699468
1746666322.973678,5.916170612571403,-1.2063647806394713,62.539995
1746666323.0226355,5.947225532172938,-1.337891720590298,35.658891
1746666323.049484,5.920140547499688,-1.4082194923526925,7.308407
1746666323.075353,5.902796460030655,-1.440169616441995,33.177111
1746666323.1029708,5.869618520609241,-1.545040191617046,60.795144
1746666323.1284215,5.857431822488671,-1.5752903295414826,15.11015
1746666323.174542,5.870756287799609,-1.6218012560948152,61.230781
1746666323.2071023,5.863429255614536,-1.7822815769577078,24.0971
1746666323.236443,5.836593816306492,-1.8338716132207133,53.437711
1746666323.2643833,5.817311045901814,-1.8685064366367365,81.378127
1746666323.2897854,5.792059782796803,-1.9641265129037568,18.306652
1746666323.3155391,5.787685601710148,-2.0184048281302687,44.060246
1746666323.36516,5.775931706109993,-2.1148441831082616,28.237166
1746666323.472768,5.794994809407482,-2.179422978680121,8.518512
1746666323.4856925,5.794057207618527,-2.2479772156899442,9.538112
1746666323.4950275,5.7612629058705656,-2.351651516728696,18.873015
1746666323.504686,5.761938480159184,-2.3952082829913763,28.531645
1746666323.5141268,5.74581376723662,-2.4662683331658513,37.972376
1746666323.523594,5.7396683894432,-2.530414306049134,47.439541
1746666323.5501812,5.724109343108746,-2.624893424333953,16.458501
1746666323.5778842,5.7213222463108595,-2.678624936516818,44.161467
1746666323.613131,5.693527610713767,-2.7768146652611003,10.041368
1746666323.6321607,5.690221953704391,-2.8212998081301004,29.071126
1746666323.664014,5.677562083776888,-2.8719048243179706,60.924591
1746666323.691469,5.659506119051017,-2.9673561129535284,17.119653
1746666323.7285364,5.647459235233783,-3.0032953023489966,54.186962
1746666323.7820115,5.609502198337967,-3.1569917256228495,49.96478
1746666323.8275099,5.586995152673884,-3.2275607251467737,32.151207
1746666323.8516397,5.55957351919498,-3.3082663379902284,56.280916
1746666323.8846488,5.526239748661502,-3.3977395548213756,22.760941
1746666323.915783,5.501874799043739,-3.437964451529426,53.895108
1746666323.9495864,5.472074648417493,-3.5379119145469495,21.864547
1746666323.9854908,5.445000338789639,-3.6180921160328774,57.768986
1746666324.0151894,5.427817517998449,-3.6716065894450685,87.467598
1746666324.051303,5.418970144681428,-3.7229475548095583,20.931223
1746666324.0875363,5.363798346551324,-3.806558186178574,57.164702
1746666324.1423078,5.319847149496396,-3.8839172307188563,50.522502
1746666324.165015,5.270611878948335,-3.9680342512662277,73.229873
1746666324.2014077,5.19529694277439,-4.040527459544314,33.053073
1746666324.2419822,5.146654479329145,-4.11467431382138,20.40115
1746666324.2849925,5.114918799676157,-4.191128147149652,63.411427
1746666324.3228283,5.112913086593059,-4.215411568342952,32.786757
1746666324.360772,5.066734818543035,-4.273289921683414,8.256803
1746666324.391934,5.020459847965173,-4.324369452316474,39.418972
1746666324.4291701,4.978490823667522,-4.35961073008943,9.827374
1746666324.466251,4.938735284812053,-4.382899402364365,46.908284
1746666324.5213861,4.863308654721191,-4.41775292123553,37.812593
1746666324.5440361,4.8083444759193945,-4.43379576103536,60.462681
1746666324.5895708,4.6834099367427,-4.4768481618177836,39.37881
1746666324.62525,4.6323674606937155,-4.498085027307,10.970148
1746666324.659437,4.530746097033292,-4.521019131308084,45.156938
1746666324.697249,4.461085702137785,-4.538430275962145,17.43554
1746666324.73651,4.389344835375516,-4.552328187622988,56.696552
1746666324.7738457,4.318065715090737,-4.5725023350748994,24.732395
1746666324.808142,4.255212894721579,-4.5690500198221145,59.02863
1746666324.844055,4.225950877235493,-4.568623492366653,94.941677
1746666324.889479,4.212979890452217,-4.564938325239995,41.269171
1746666324.9254165,4.13743866488447,-4.588507894227673,16.238555
1746666324.9519696,4.036000834204307,-4.601257886195474,42.791611
1746666324.9845302,3.989936741979964,-4.608538139723969,9.888496
1746666325.0141494,3.8966094746749182,-4.633589050997935,39.507712
1746666325.054667,3.8283004632824995,-4.648736995268596,13.40703
1746666325.0857155,3.7569705395752,-4.671156553321235,44.455561
1746666325.1158981,3.7059770739823255,-4.695335866320176,10.445611
1746666325.1612945,3.6348187284577285,-4.72235700920354,55.842016
1746666325.2142336,3.568912315341597,-4.73313009818367,42.415145
1746666325.2626092,3.4637982504365366,-4.7854854271669325,25.761819
1746666325.3046725,3.3412214607185016,-4.803606049490351,67.825107
1746666325.3306317,3.221812434056032,-4.820227662217044,20.360797
1746666325.359052,3.171599239010965,-4.821790934628396,48.781012
1746666325.3889265,3.1054189730392596,-4.826662683584353,21.407854
1746666325.4286008,3.032498772979309,-4.835744153974664,61.082198
1746666325.4541292,3.0011873722408633,-4.836277001023654,20.091472
1746666325.490035,2.9162032426602575,-4.8309540780057185,55.997319
1746666325.526356,2.8920627068270313,-4.8230437162380975,24.334232
1746666325.5631676,2.8174375496595987,-4.807262711254371,61.145881
1746666325.5989268,2.7421834197272967,-4.774575972515851,96.905065
1746666325.6256132,2.6388056858208366,-4.741436726054454,13.347347
1746666325.653232,2.575952516728532,-4.723140149454388,40.966181
1746666325.6835654,2.4947977597249484,-4.697737674283996,19.603193
1746666325.7086523,2.4405568892436107,-4.668566556910185,44.69026
1746666325.744921,2.3766175624484704,-4.633703713131067,16.798613
1746666325.7769332,2.307766672857202,-4.592404152476896,48.810837
1746666325.8102396,2.2109280712752906,-4.546186770921898,16.803478
1746666325.8447492,2.0997246326450667,-4.501209661604327,51.313259
1746666325.8764594,2.0487071978720595,-4.489254658187623,16.208377
1746666325.9211025,1.9683567415569128,-4.4466118451319545,60.851467
1746666325.9498448,1.8921022929188054,-4.4113843869643246,23.221187
1746666325.9811027,1.8485452183326534,-4.371959758860493,54.478976
1746666326.015834,1.7737365426139244,-4.326188664684266,25.87136
1746666326.0367496,1.7175650560560676,-4.290727977112969,46.787062
1746666326.0653584,1.6347420032064155,-4.24727874221837,9.611908
1746666326.0927093,1.5960912683315078,-4.223383389910372,36.962601
1746666326.1222851,1.5439413818203214,-4.19135979936942,66.538582
1746666326.1534631,1.4721801067067433,-4.139205291413272,26.559744
1746666326.1831603,1.4401560752021838,-4.117894416475077,56.256947
1746666326.215657,1.397086470910366,-4.089120065934905,26.668933
1746666326.2443273,1.324809942216721,-4.019480408311199,55.339272
1746666326.2766964,1.2880510210204974,-3.9796033777654385,23.612949
1746666326.304666,1.2779004415680606,-3.938501385447581,51.582551
1746666326.3355567,1.2763463483032302,-3.919123826117106,17.606588
1746666326.3649771,1.2317829250311236,-3.868388774833969,47.026978
1746666326.3895721,1.1844733832240195,-3.829560926898282,71.621925
1746666326.4283178,1.1689723678741635,-3.813156266767542,12.612977
1746666326.4470742,1.148024432776012,-3.7669965877489457,31.369506
1746666326.475173,1.139989255738274,-3.754971492128408,59.468202
1746666326.524294,1.1093200726336774,-3.704453757416686,39.008328
1746666326.5564115,1.101609150303144,-3.6552997524863864,9.671302
1746666326.588881,1.0883910474520362,-3.593074286313226,42.14086
1746666326.625856,1.0715171546538518,-3.5513711829181607,13.504986
1746666326.655969,1.0301042386603456,-3.5031979735526866,43.617857
1746666326.6917782,1.0001268841429576,-3.456808547340461,12.735638
1746666326.734051,1.0178494884835,-3.423847709583464,55.008473
1746666326.7710032,1.0283583887776961,-3.406894053826962,26.483901
1746666326.8158567,1.0623574644131941,-3.350298969719547,6.097918
1746666326.8471968,1.0903704064299062,-3.253202547166322,37.438143
1746666326.893292,1.1001929749434713,-3.2219208149477305,18.942234
1746666326.924437,1.1136800809032121,-3.1712965668939366,50.087442
1746666326.9536262,1.12452735675489,-3.1265990909205663,12.940608
1746666326.9868462,1.1352914061662627,-3.081012957142403,46.160761
1746666327.0182657,1.1476840968302524,-3.055746132490143,13.137353
1746666327.0612872,1.1830528790493982,-3.0219479530861104,56.158735
1746666327.0843742,1.1974256127938478,-3.0086019477076387,13.663906
1746666327.1124744,1.2324617162680989,-2.955952424660483,41.764363
1746666327.1379867,1.2596831152319643,-2.938695173416729,67.276537
1746666327.175516,1.2912466778990856,-2.905734792787143,104.805629
1746666327.2076874,1.3031877751340188,-2.8931152103567896,24.381849
1746666327.2346263,1.3150784101454696,-2.868271643225821,51.320875
1746666327.2669039,1.3579398290207452,-2.825291464302177,21.318217
1746666327.303272,1.3906874220679184,-2.7931317090045122,57.686518
1746666327.3423998,1.4416793638133885,-2.7466397180614797,34.292492
1746666327.368704,1.4743032489718941,-2.7114434694689886,60.596671
1746666327.3920164,1.539936011471987,-2.698689043418775,17.649758
1746666327.4271016,1.5448922634876794,-2.6754254003869598,52.735054
1746666327.4532099,1.5440911912419013,-2.6342131818610213,20.908438
1746666327.4883184,1.5673666836830844,-2.585046410687303,56.017031
1746666327.52314,1.6013334107411041,-2.570706461482523,24.357881
1746666327.5619483,1.6186268528027519,-2.537302586128283,63.166232
1746666327.59348,1.6292697562033238,-2.487757530272668,24.361496
1746666327.6222568,1.641091081539709,-2.473308032721156,53.138176
1746666327.6465268,1.6359086871747104,-2.4333889521269865,16.478086
1746666327.6739922,1.6665366751706263,-2.4298891559826594,43.943568
1746666327.7058349,1.6855199569850663,-2.4256433694901953,12.300738
1746666327.7339683,1.689678563189099,-2.3772442701247103,40.434092
1746666327.7503457,1.759900438410064,-2.3532167476046295,56.811566
1746666327.7704809,1.8358331503624952,-2.336096891254926,11.281202
1746666327.8040762,1.8876886955593337,-2.337501909811588,44.876508
1746666327.826294,1.956400645260528,-2.309694888176078,67.094288
1746666327.8488991,1.967685733442825,-2.3097837794867067,18.076625
1746666327.8724523,1.9910461633916716,-2.306039301900772,41.62986
1746666327.8954785,2.01082460152763,-2.29706682028588,6.002234
1746666327.9237986,2.2037215919657696,-2.227400386646439,34.322124
1746666327.948731,2.2421517491113008,-2.200990399634443,59.254496
1746666327.9736385,2.27560745670313,-2.1893694651023776,18.268954
1746666328.0049865,2.3249598659086805,-2.1740224598281825,49.616987
1746666328.0414975,2.373244236157583,-2.1436586400360294,86.128078
1746666328.0683517,2.402262813839582,-2.118318800926442,15.092229
1746666328.0939937,2.4535220812503433,-2.1078999017118414,40.734074
1746666328.1255212,2.4715941717972734,-2.0855446214997473,72.261635
1746666328.1503558,2.537558216635465,-2.0584425467401997,16.950909
1746666328.1843052,2.571029031659153,-2.040507410042285,50.90028
1746666328.2169552,2.6109161066416835,-1.9968879172182838,24.620709
1746666328.2434914,2.60603651690043,-1.9839833490700778,51.157028
1746666328.2726972,2.6080994861389555,-1.9312965424818491,21.074654
1746666328.3053477,2.597691401605406,-1.9121906565960787,53.725052
1746666328.3283725,2.6101160125768477,-1.8751049553271903,12.951809
1746666328.3658926,2.614848763025287,-1.8568824731584548,50.471748
1746666328.5241776,2.630843257228174,-1.8111294214521156,14.085718
1746666328.5321202,2.590842470391142,-1.7648131360647066,4.537397
1746666328.5392835,2.5824039607322518,-1.7532037184949794,4.31777
1746666328.5446098,2.5711729399110324,-1.7427151637692258,9.644005
1746666328.55064,2.580518534464022,-1.6972941991067596,15.674336
1746666328.5563266,2.563152384617446,-1.6637059182665277,21.360907
1746666328.5903537,2.5462863943981766,-1.6197395172213487,12.950977
1746666328.622772,2.5689497128807135,-1.584896639600271,45.369204
1746666328.6579523,2.5915041424654124,-1.55691260869267,15.009057
1746666328.7127333,2.5280495726048056,-1.5099880116589817,69.790127
1746666328.7441947,2.4985964957657156,-1.5268165997223468,25.478669
1746666328.7699137,2.482165481261998,-1.5087896490050088,51.197605
1746666328.7996347,2.4710386588352233,-1.4986182314587537,23.440813
1746666328.8255947,2.454760705764019,-1.4869291310461408,49.400625
1746666328.8520021,2.4396169717742806,-1.4432576389403182,75.808105
1746666328.8768451,2.4155796035477284,-1.4195528772472352,19.072993
1746666328.8950891,2.3923148686985485,-1.3967301494676014,37.31689
1746666328.9244864,2.372810964405813,-1.3833596703732096,19.388431
1746666328.9487207,2.3577651281819394,-1.3496501585757772,43.622914
1746666328.9866428,2.3484914041239766,-1.3444163069969775,81.544887
1746666329.0117826,2.3437676110876264,-1.321753832431511,8.618005
1746666329.035755,2.3069868126916213,-1.3025445651619687,32.590331
1746666329.0640697,2.2897991987812016,-1.2826908812573907,60.905101
1746666329.093938,2.2714083521420347,-1.2367374582896782,23.722171
1746666329.1207452,2.2400226289542187,-1.209357750411811,50.529254
1746666329.1454825,2.2035862920879525,-1.185027804087431,11.378134
1746666329.1707654,2.1955455992860733,-1.1769729711071537,36.660986
1746666329.204902,2.1908730802365706,-1.1697297482679136,70.797566
1746666329.23434,2.1727076379136716,-1.1454683051095846,26.22088
1746666329.2729223,2.1945126024618977,-1.138059503874965,7.628518
1746666329.3024604,2.119664329482997,-1.0788234375503016,37.166674
1746666329.330089,2.0889786214342756,-1.0490843175896591,64.795332
1746666329.3631065,2.048188531217616,-1.0289919503370515,28.444472
1746666329.3893025,2.019710051361591,-0.9851045921569639,54.640487
1746666329.4194536,2.010623168147471,-0.9773967687299241,23.093885
1746666329.443165,2.0144089775524314,-0.954587499230104,46.805367
1746666329.470048,2.014788746238045,-0.9322106031228062,8.299206
1746666329.4879742,1.9800338874798613,-0.9325181760856327,26.225264
1746666329.5099027,1.9634878586158535,-0.9216556510962303,48.153974
1746666329.5433536,1.9632115678838145,-0.9188557450001391,16.017232
1746666329.5644715,1.9531166803588023,-0.8777686050980607,37.135216
1746666329.5871973,1.9517657582446986,-0.8684627635253823,59.860988
1746666329.6129518,1.9538742533504165,-0.865570241362123,85.61551
1746666329.6435854,1.9503802229351261,-0.865199310457766,13.500378
1746666329.6622977,1.9461758652922676,-0.8446996950811733,32.212554
1746666329.688549,1.9337655743509412,-0.8170888125254656,58.463995
1746666329.7119653,1.9305677298988628,-0.809198632206594,19.003837
1746666329.7356608,1.930203877101025,-0.7967219363672798,42.699351
1746666329.7647932,1.9011916978217511,-0.7607392816874318,8.174752
1746666329.7930343,1.8945426155482636,-0.7509284249382983,36.416047
1746666329.8159165,1.8862859153179925,-0.7435214793116786,59.298242
1746666329.8448944,1.8646837202726254,-0.7085937739501682,20.516836
1746666329.8707073,1.8466857712058662,-0.6870354103733158,46.329761
1746666329.895534,1.837418866498695,-0.6773174484394258,7.695818
1746666329.9214766,1.796939182909296,-0.6251796365095903,33.638381
1746666329.9455092,1.7768675361230206,-0.6028294680086531,57.670934
1746666329.9736438,1.768067488034183,-0.5892140496823359,19.145764
1746666329.9925494,1.7338110692066744,-0.5558926428584087,38.051324
1746666330.0150292,1.7118809054587467,-0.532060099147481,60.531164
1746666330.0451791,1.6916079676870268,-0.5091458509732891,23.374186
1746666330.0685756,1.6632761691432514,-0.46463026784515504,46.770773
1746666330.0901887,1.6538091519953342,-0.4514550422514259,6.009563
1746666330.1139693,1.6062289698305126,-0.42706730028273937,29.790136
1746666330.138117,1.5742050680159403,-0.40121835220448054,53.937959
1746666330.1636758,1.548886492697816,-0.37022872187873485,14.175322
1746666330.187113,1.5113924396717489,-0.3566479430899055,37.612519
1746666330.2062044,1.4916737361316,-0.34564376789649426,56.703976
1746666330.2292545,1.4772712312719998,-0.3376322692302808,14.256638
1746666330.261941,1.4273449967095633,-0.3109209003943726,46.943165
1746666330.2930527,1.3889092879220162,-0.2619761507341197,10.419721
1746666330.322216,1.3659900232506987,-0.21730425376290416,39.582979
1746666330.3454459,1.3598004641989525,-0.18829691775973056,62.812903
1746666330.3751607,1.3525816362785392,-0.15040562486601353,26.225904
1746666330.3979402,1.3488040618947108,-0.12933801484775648,49.00547
1746666330.4274788,1.326590284915719,-0.07582231480057233,78.544202
1746666330.4546597,1.3201965897823613,-0.0581654011563543,10.247969
1746666330.4898643,1.2700943546241459,-0.0008665060251274252,45.452599
1746666330.5138333,1.242986358943968,0.04170337915458792,69.421725
1746666330.544329,1.2186291954365212,0.07462027573849167,20.332571
1746666330.5840926,1.1935564904347435,0.12936678777651817,8.654007
1746666330.610031,1.1598619666430645,0.19164458668585146,34.592217
1746666330.6331396,1.1444408205151873,0.21969931819073796,57.701079
1746666330.656124,1.133080679622492,0.2526634357803276,13.294193
1746666330.6822064,1.1198557616408986,0.3176283946449647,39.376282
1746666330.7040718,1.118659197836706,0.34266666295014514,61.24179
1746666330.742547,1.110959439748149,0.36757807803841747,34.176261
1746666330.7637918,1.113716970794305,0.39567309916737964,55.420844
1746666330.7999709,1.108032578266601,0.4574466469864348,25.238401
1746666330.8266332,1.1070429527270567,0.4893308207096253,51.900774
1746666330.8645499,1.1107576053765538,0.5602186953259097,22.976568
1746666330.8890169,1.133067688868253,0.6118705320539112,47.443669
1746666330.9215012,1.1381149002006945,0.6330317231776431,17.079267
1746666330.9479558,1.1431293034305903,0.6844663979987771,43.533853
1746666330.9740312,1.1519430653634377,0.7198461794292869,5.513219
1746666331.0060554,1.1530694267364026,0.7778022941384205,37.537475
1746666331.0474572,1.1449184572553717,0.8232337876501874,13.338674
1746666331.075195,1.1491705758439024,0.8474660441838738,41.076618
1746666331.1024406,1.1609806699250511,0.870363319956458,68.32209
1746666331.1303346,1.163909782420742,0.9117927952451447,23.71577
1746666331.167608,1.1670156409338461,0.9305112943785825,60.989202
1746666331.2035835,1.1707666282924933,0.9721181825470419,31.345601
1746666331.2506218,1.1821298740005828,1.0178262422742734,78.383971
1746666331.289178,1.189692193781106,1.0493886317888133,24.411611
1746666331.3250284,1.202019908998361,1.0907034120655013,60.262223
1746666331.363411,1.218143516196163,1.1386402999765008,34.473875
1746666331.396672,1.2381809163515838,1.173346463330609,67.735086
1746666331.4338205,1.2650854131798575,1.2099828344208694,28.708677
1746666331.4720318,1.2904621068644606,1.2439920582339001,9.228722
1746666331.5077574,1.3082069633512985,1.2658574741797515,44.954208
1746666331.546419,1.3419773606125047,1.299127857480501,21.27588
1746666331.5769477,1.364760050527704,1.3286243639705775,51.804514
1746666331.6058192,1.3662166553123765,1.343016847893924,15.115782
1746666331.6343389,1.3874783382583114,1.3584271231037541,43.635426
1746666331.6665137,1.41927105751552,1.380505425503088,10.166813
1746666331.6938815,1.4230943486362653,1.3974455072594845,37.534851
1746666331.7398047,1.4221046505289379,1.4041911292624416,11.490396
1746666331.7565465,1.4561731594325331,1.43712442541575,28.232143
1746666331.794826,1.487146213491298,1.4588526331135185,66.511829
1746666331.816653,1.5393758112385838,1.4787502138319515,17.046817
1746666331.8546627,1.5874278205599957,1.4890625477910586,55.056347
1746666331.8858385,1.622446121709026,1.5105549735126271,23.996167
1746666331.9136198,1.6527383145060084,1.5259437479789653,51.777409
1746666331.9484384,1.6761546097180096,1.5391126947664422,26.528639
1746666331.9887564,1.701867056014122,1.5545971683006574,66.846565
1746666332.0178154,1.7452594283108709,1.5714201572436726,22.662953
1746666332.0438285,1.7819393256014258,1.587860078969959,48.676015
1746666332.0678515,1.7979493923758838,1.5963651355928756,17.887272
1746666332.0959609,1.807586729746696,1.5994475490015285,45.996529
1746666332.1280594,1.8160080286967903,1.5966502766305284,13.095623
1746666332.166487,1.8740899205100805,1.6121902375783517,51.523316
1746666332.1917624,1.9203322483557377,1.6183077125417795,76.798776
1746666332.2241933,1.9222572729864518,1.6094515612675724,11.243377
1746666332.249138,1.9340247608280594,1.6173168125979898,36.188133
1746666332.2766185,1.9193190984991506,1.6151668674412865,63.668496
1746666332.3267322,1.971351311286961,1.6332401315523783,40.394409
1746666332.354502,2.0003862853877057,1.6433387956106256,10.140924
1746666332.390706,2.005975589345498,1.6302497652957384,46.345089
1746666332.4266772,2.0513401122865917,1.6181912943373242,16.374401
1746666332.4548116,2.1047484251725974,1.6215115477606368,44.508907
1746666332.4909904,2.1303311484055465,1.6222421296560638,10.037944
1746666332.5273104,2.1868560020354946,1.6041550354217418,46.357763
1746666332.5488846,2.2301017257006657,1.5914341821661084,6.82496
1746666332.5754564,2.242055526136123,1.5841174609824056,33.396865
1746666332.603591,2.2793046301334114,1.574883451084203,61.531371
1746666332.630143,2.325988560730219,1.5583841724919565,22.630375
1746666332.6612496,2.35194829741647,1.5492864174749994,53.737149
1746666332.6873758,2.3929353792972696,1.5240378660213767,15.600541
1746666332.713783,2.4145229627755507,1.5050419511770736,42.007638
1746666332.7468038,2.4255774137745747,1.4910572214904965,7.126575
1746666332.7764578,2.4887126989805406,1.4598956789964865,36.780545
1746666332.80602,2.5135095377300405,1.4465237234137198,66.342606
1746666332.8346171,2.5547877312932075,1.4100672760521096,22.560516
1746666332.8746169,2.612027583675732,1.3779166489278634,6.370316
1746666332.90845,2.676477371726944,1.3460949724368765,40.203169
1746666332.9436045,2.7037749100492103,1.3268629460297863,9.895569
1746666332.9730325,2.789492406412984,1.270148742242977,39.32364
1746666333.0127108,2.8653709864831574,1.2329533099455816,12.67458
1746666333.0515165,2.945480057750801,1.1942557823516078,51.480275
1746666333.0951586,3.0157831673484403,1.1726323302986932,30.362099
1746666333.1289465,3.051633871826302,1.1674257042271419,64.150054
1746666333.151065,3.1266469299538753,1.150069103984112,16.789397
1746666333.1835415,3.1772311591119715,1.135418330878389,49.265803
1746666333.212801,3.2519748004816207,1.1130707123045853,16.961149
1746666333.2422712,3.3033533263417394,1.107412809097957,46.431334
1746666333.2664373,3.3694839168774138,1.0923599568160103,70.597429
1746666333.2948105,3.4121562779777994,1.0764393770042608,98.970698
1746666333.322711,3.4683473247353143,1.0736894699246555,16.224154
1746666333.3464699,3.547132462671815,1.0574855456126036,39.98303
1746666333.3789365,3.5835355077297937,1.0512766290157753,18.71768
1746666333.4278805,3.62319290980613,1.0460162902035723,67.661675
1746666333.4628305,3.728930971657501,1.025055269732578,21.563797
1746666333.535737,3.810609793943589,1.0118627061424992,43.214831
1746666333.5902324,3.9070331117417236,1.0008711738087746,33.677006
1746666333.6138434,3.981366096116869,0.9956437740547653,57.288164
1746666333.6434011,4.007001850662366,0.9972341669567557,21.41627
1746666333.6676948,4.0294946175250175,0.9921041376485628,45.710148
1746666333.7016492,4.045618431080713,0.9864672882393617,14.708403
1746666333.733101,4.064982998261078,0.9905316727631868,46.160185
1746666333.7616842,4.077111876197674,0.9950000814826244,9.156206
1746666333.794679,4.103243455754378,0.9901371133249023,42.150972
1746666333.82621,4.129117794424118,0.9848402634082344,6.875619
1746666333.8686283,4.138636681269445,0.9798784605723837,49.293932
1746666333.8965445,4.13016595338421,0.9748984683822493,12.066551
1746666333.9255698,4.14936890948806,0.97671366464777,41.091787
1746666333.958888,4.177647528912485,0.971086807690888,9.717064
1746666333.9943583,4.151008276632704,0.9740788018243015,45.187147
1746666334.0245028,4.151272194614579,0.9711027566558825,10.140572
1746666334.0555243,4.199081086522857,0.9662318801803782,41.162094
1746666334.0855386,4.207186888166913,0.9680095263889301,71.176496
1746666334.1266873,4.212584791762461,0.9603478820066809,34.754945
1746666334.158409,4.240479363084097,0.9463695150671911,66.476788
1746666334.1904323,4.262841043014329,0.9439139848835942,11.003557
1746666334.2169456,4.3179675691449795,0.9611035791387792,37.516899
1746666334.2474375,4.350334558864613,0.9642033442385863,68.008732
1746666334.2749836,4.36974383729297,0.9578907955352277,19.215015
1746666334.303819,4.398968409588019,0.9511482356115502,48.050162
1746666334.3283732,4.4110353789134,0.9439758455588124,19.046622
1746666334.3559833,4.41848688161023,0.9347645787658977,46.656688
1746666334.3878033,4.4291806153073106,0.9257938373012624,12.251936
1746666334.4390936,4.424577358633287,0.9262046345463367,63.542282
1746666334.4757004,4.435690556905138,0.9233399322212525,29.036628
1746666334.5084,4.434264996758247,0.9224966822770697,61.736405
1746666334.535905,4.437097047925844,0.9208458734116542,19.40456
1746666334.5710602,4.438030861375259,0.9222105012735544,54.559748
1746666334.6034021,4.434189665561574,0.9209516818034057,28.682979
1746666334.6280303,4.445856486814879,0.9226744348725041,53.311049
1746666334.6571064,4.452136785248751,0.9234168204442026,19.878342
1746666334.680952,4.4439131519074895,0.9207787635597185,43.724134
1746666334.710376,4.4386439689832775,0.9217557598520731,6.918693
1746666334.7444475,4.431187574252125,0.9187481021439289,40.990277
1746666334.7854247,4.4305090295698495,0.9160589612669325,17.547737
1746666334.8079023,4.442200513978708,0.916251157821635,40.025337
1746666334.8447053,4.442360621458669,0.9140518361244835,10.809404
1746666334.8708127,4.447009353591386,0.9219568932351787,36.916807
1746666334.9003413,4.446418790277738,0.9257091840391185,66.445426
1746666334.9326448,4.442691244016113,0.9212050230457911,28.668323
1746666334.9639957,4.433646532598007,0.9203482961276286,60.01914
1746666334.9939556,4.440313240379101,0.9230096476440497,25.555792
1746666335.0318253,4.439146116646859,0.9241849561358385,63.425476
1746666335.0746543,4.4412835274577365,0.9226283961580092,33.344831
1746666335.1057765,4.440265204111871,0.9196305666288963,9.865455
1746666335.132716,4.438349776612555,0.9168360306857979,36.804833
1746666335.1680217,4.434733690390882,0.9150226453287247,72.110588
1746666335.1851392,4.434590005101163,0.9159574009133404,89.228192
1746666335.2124045,4.430816729249724,0.9139742584739751,18.530407
1746666335.2401404,4.433554708311711,0.9166749250914555,46.266334
1746666335.2658288,4.437008328994014,0.9167058261849214,6.386572
1746666335.2946756,4.438480701563018,0.9191242345309504,35.233176
1746666335.3206503,4.441051533706337,0.9198866486228826,61.207996
1746666335.360626,4.435809911516225,0.922300453982332,33.374496
1746666335.386396,4.436266195246189,0.9210313139985253,59.144539
1746666335.4159043,4.428697791869457,0.9248320656981117,23.07574
1746666335.4446576,4.442855283361746,0.9211652428816537,51.829059
1746666335.4725332,4.443706169435811,0.9190556668585186,13.008451
1746666335.4975994,4.437079383791739,0.9224626693037968,38.074621
1746666335.5320876,4.435811991297414,0.9227595587314841,9.950675
1746666335.5533783,4.429304086950288,0.9234497912084104,31.241372
1746666335.583662,4.421375468581921,0.9215794020449051,61.52513
1746666335.6085806,4.4166925799884735,0.9213170760991145,20.794161
1746666335.6440265,4.4133583032213055,0.9254417530433098,56.240115
1746666335.6731684,4.409922821972907,0.9267728288689794,20.714189
1746666335.6964989,4.420461227964777,0.9246950816282142,44.044533
1746666335.727685,4.4419335294930855,0.9205149695978699,8.712281
1746666335.7539155,4.437661586601612,0.9190408770841165,34.942954
1746666335.7817123,4.427588310494158,0.9207384897127893,62.739588
1746666335.8194342,4.41425167515545,0.9196196194760955,32.600732
1746666335.841698,4.425431854500024,0.9216285973800724,54.86437
1746666335.865961,4.42093174647427,0.9227400347375847,15.607101
1746666335.8963246,4.443921564798281,0.9210089478277238,45.970704
1746666335.9365172,4.458561748151617,0.9228570489041376,22.131824
1746666335.9690344,4.470007451660939,0.9251562873743271,54.648808
1746666336.013449,4.462541379385082,0.9232703940801987,32.166184
1746666336.0522888,4.462101585307618,0.9252589700575615,6.837154
1746666336.0820472,4.46492464747019,0.9226581526792351,36.595416
1746666336.1103258,4.466909981470084,0.9229129512979768,64.874024
1746666336.1546168,4.453656091266076,0.9257361397575862,39.120206
1746666336.1958742,4.445300305514597,0.9253949888934545,18.533479
1746666336.2344368,4.436966244342044,0.9246319347112651,57.095995
1746666336.2585065,4.436770315332472,0.9239910614509254,16.306943
