# x_m,y_m,w_tr_right_m,w_tr_left_m
-0.72,2.03,0.5903,0.5903
-0.67,2.03,0.5903,0.5903
-0.62,2.08,0.6019,0.6019
-0.57,2.13,0.5903,0.5903
-0.52,2.13,0.5903,0.5903
-0.47,2.18,0.6019,0.6019
-0.42,2.18,0.5765,0.5765
-0.37,2.18,0.5542,0.5542
-0.32,2.23,0.5825,0.5825
-0.27,2.23,0.5685,0.5685
-0.22,2.28,0.6076,0.6076
-0.17,2.28,0.6,0.6
-0.12,2.28,0.5825,0.5825
-0.07,2.33,0.6171,0.6171
-0.02,2.38,0.6464,0.6464
0.03,2.38,0.6518,0.6518
0.08,2.43,0.6446,0.6446
0.13,2.43,0.6571,0.6571
0.18,2.48,0.6301,0.6301
0.23,2.53,0.6,0.6
0.28,2.58,0.5685,0.5685
0.33,2.58,0.5825,0.5825
0.38,2.58,0.5903,0.5903
0.43,2.63,0.5685,0.5685
0.48,2.63,0.5765,0.5765
0.53,2.63,0.5542,0.5542
0.58,2.68,0.5583,0.5583
0.63,2.68,0.5685,0.5685
0.68,2.73,0.5352,0.5352
0.73,2.73,0.55,0.55
0.78,2.73,0.55,0.55
0.83,2.73,0.5331,0.5331
0.88,2.78,0.5,0.5
0.93,2.78,0.5,0.5
0.98,2.78,0.5023,0.5023
1.03,2.78,0.5,0.5
1.08,2.78,0.5,0.5
1.13,2.73,0.45,0.45
1.18,2.73,0.45,0.45
1.23,2.73,0.45,0.45
1.28,2.73,0.45,0.45
1.33,2.73,0.45,0.45
1.38,2.73,0.4424,0.4424
1.43,2.73,0.4243,0.4243
1.48,2.73,0.411,0.411
1.53,2.73,0.4028,0.4028
1.58,2.73,0.4,0.4
1.63,2.73,0.4028,0.4028
1.68,2.73,0.4,0.4
1.73,2.73,0.4,0.4
1.78,2.73,0.4,0.4
1.83,2.73,0.4,0.4
1.88,2.73,0.4,0.4
1.93,2.73,0.4,0.4
1.98,2.73,0.4,0.4
2.03,2.73,0.4,0.4
2.08,2.73,0.4,0.4
2.13,2.73,0.4,0.4
2.18,2.73,0.4,0.4
2.23,2.73,0.4,0.4
2.28,2.73,0.4028,0.4028
2.33,2.73,0.411,0.411
2.38,2.73,0.4243,0.4243
2.43,2.73,0.4424,0.4424
2.48,2.73,0.45,0.45
2.53,2.73,0.4424,0.4424
2.58,2.68,0.4424,0.4424
2.63,2.68,0.4599,0.4599
2.68,2.68,0.4525,0.4525
2.73,2.68,0.45,0.45
2.78,2.68,0.45,0.45
2.83,2.68,0.45,0.45
2.88,2.63,0.5,0.5
2.93,2.63,0.5,0.5
2.98,2.58,0.55,0.55
3.03,2.58,0.5352,0.5352
3.08,2.58,0.5201,0.5201
3.13,2.53,0.5583,0.5583
3.18,2.53,0.5521,0.5521
3.23,2.53,0.55,0.55
3.28,2.48,0.6019,0.6019
3.28,2.43,0.6518,0.6518
3.28,2.38,0.6571,0.6571
3.28,2.33,0.6227,0.6227
3.28,2.28,0.5903,0.5903
3.28,2.23,0.5603,0.5603
3.28,2.18,0.5331,0.5331
3.28,2.13,0.509,0.509
3.28,2.08,0.4885,0.4885
3.28,2.03,0.472,0.472
3.28,1.98,0.4599,0.4599
3.28,1.93,0.4424,0.4424
3.23,1.88,0.3772,0.3772
3.23,1.83,0.3623,0.3623
3.23,1.78,0.3531,0.3531
3.23,1.73,0.35,0.35
3.18,1.68,0.3036,0.3036
3.18,1.63,0.314,0.314
3.18,1.58,0.3308,0.3308
3.18,1.53,0.3308,0.3308
3.13,1.48,0.3036,0.3036
3.08,1.43,0.2662,0.2662
3.08,1.38,0.2854,0.2854
3.03,1.33,0.2702,0.2702
2.98,1.28,0.2702,0.2702
2.93,1.23,0.2702,0.2702
2.88,1.18,0.2702,0.2702
2.83,1.13,0.2854,0.2854
2.78,1.08,0.3036,0.3036
2.73,1.03,0.3036,0.3036
2.68,1.03,0.3106,0.3106
2.63,0.98,0.3308,0.3308
2.58,0.93,0.3623,0.3623
2.53,0.93,0.3531,0.3531
2.48,0.93,0.35,0.35
2.43,0.88,0.4028,0.4028
2.38,0.88,0.4,0.4
2.33,0.83,0.45,0.45
2.28,0.83,0.4525,0.4525
2.23,0.78,0.5,0.5
2.18,0.78,0.5023,0.5023
2.13,0.78,0.5,0.5
2.13,0.73,0.5,0.5
2.13,0.68,0.5,0.5
2.13,0.63,0.5023,0.5023
2.08,0.58,0.4599,0.4599
2.08,0.53,0.472,0.472
2.08,0.48,0.4885,0.4885
2.08,0.43,0.509,0.509
2.08,0.38,0.509,0.509
2.03,0.33,0.509,0.509
2.03,0.28,0.5201,0.5201
1.98,0.23,0.509,0.509
1.98,0.18,0.509,0.509
1.93,0.13,0.5201,0.5201
1.93,0.08,0.509,0.509
1.88,0.03,0.5331,0.5331
1.83,-0.02,0.5521,0.5521
1.78,-0.07,0.5603,0.5603
1.73,-0.12,0.5765,0.5765
1.68,-0.17,0.5825,0.5825
1.63,-0.17,0.5765,0.5765
1.58,-0.22,0.55,0.55
1.53,-0.22,0.55,0.55
1.48,-0.22,0.55,0.55
1.43,-0.22,0.55,0.55
1.38,-0.22,0.55,0.55
1.33,-0.17,0.5,0.5
1.28,-0.17,0.5,0.5
1.23,-0.17,0.5,0.5
1.18,-0.17,0.5,0.5
1.13,-0.17,0.5,0.5
1.08,-0.17,0.5,0.5
1.03,-0.17,0.5,0.5
0.98,-0.17,0.5023,0.5023
0.93,-0.17,0.5,0.5
0.88,-0.17,0.4885,0.4885
0.83,-0.12,0.4885,0.4885
0.78,-0.12,0.509,0.509
0.73,-0.12,0.5023,0.5023
0.68,-0.12,0.4885,0.4885
0.63,-0.12,0.472,0.472
0.58,-0.12,0.4599,0.4599
0.53,-0.12,0.4525,0.4525
0.48,-0.07,0.5,0.5
0.43,-0.07,0.5023,0.5023
0.38,-0.07,0.5,0.5
0.33,-0.07,0.5,0.5
0.28,-0.07,0.5,0.5
0.23,-0.07,0.4885,0.4885
0.18,-0.07,0.472,0.472
0.13,-0.02,0.509,0.509
0.08,-0.02,0.5023,0.5023
0.03,-0.02,0.5,0.5
-0.02,0.03,0.509,0.509
-0.07,0.03,0.5201,0.5201
-0.12,0.03,0.509,0.509
-0.17,0.08,0.5,0.5
-0.22,0.08,0.5023,0.5023
-0.27,0.08,0.509,0.509
-0.32,0.13,0.472,0.472
-0.37,0.13,0.4885,0.4885
-0.42,0.13,0.4885,0.4885
-0.47,0.13,0.472,0.472
-0.52,0.18,0.4885,0.4885
-0.57,0.18,0.4885,0.4885
-0.62,0.18,0.4648,0.4648
-0.67,0.23,0.4885,0.4885
-0.72,0.23,0.472,0.472
-0.77,0.28,0.509,0.509
-0.82,0.28,0.5023,0.5023
-0.87,0.33,0.5352,0.5352
-0.92,0.38,0.5521,0.5521
-0.97,0.43,0.5583,0.5583
-1.02,0.48,0.5201,0.5201
-1.07,0.53,0.4885,0.4885
-1.07,0.58,0.5,0.5
-1.07,0.63,0.5,0.5
-1.07,0.68,0.5,0.5
-1.12,0.73,0.45,0.45
-1.12,0.78,0.45,0.45
-1.12,0.83,0.45,0.45
-1.12,0.88,0.45,0.45
-1.12,0.93,0.45,0.45
-1.12,0.98,0.45,0.45
-1.12,1.03,0.45,0.45
-1.07,1.08,0.45,0.45
-1.07,1.13,0.4525,0.4525
-1.07,1.18,0.4599,0.4599
-1.07,1.23,0.472,0.472
-1.07,1.28,0.472,0.472
-1.07,1.33,0.4599,0.4599
-1.07,1.38,0.4525,0.4525
-1.02,1.43,0.5,0.5
-1.02,1.48,0.5,0.5
-1.02,1.53,0.4885,0.4885
-0.97,1.58,0.5201,0.5201
-0.97,1.63,0.509,0.509
-0.97,1.68,0.5023,0.5023
-0.92,1.73,0.5352,0.5352
-0.92,1.78,0.5201,0.5201
-0.87,1.83,0.5542,0.5542
-0.87,1.88,0.5352,0.5352
-0.82,1.93,0.5685,0.5685
-0.77,1.98,0.5903,0.5903
